dr36_1time,dr36_1_temp
1102,40
1102,40
1102,40
1102,40
1102,40
1102,40
1102,40
1102,40
1102,40
1102,40
1102,40
1102,40
1102,40
1102,40
1102,40
1103,40
1103,40
1103,40
1103,40
1103,100
1103,100
1103,100
1103,100
1103,100
1103,100
1103,100
1103,100
1103,100
1103,100
1103,100
1103,100
1103,100
1103,100
1103,100
1103,100
1103,100
1103,100
1103,100
1103,100
1103,100
1103,100
1104,100
1104,100
1104,100
1104,100
1104,100
1104,100
1104,100
1104,100
1104,100
1104,100
1104,100
1104,100
1104,100
1104,150
1104,150
1104,150
1104,150
1104,150
1104,150
1104,150
1104,150
1104,150
1104,150
1104,150
1104,150
1104,150
1104,150
1104,150
1104,150
1104,150
1104,150
1104,150
1104,150
1104,150
1104,150
1104,150
1104,150
1105,150
1105,150
1105,150
1105,150
1105,150
1105,150
1105,150
1105,150
1105,150
1105,150
1105,150
1105,150
1105,150
1105,150
1105,150
1105,150
1105,150
1105,150
1105,150
1105,150
1105,150
1105,150
1105,200
1105,200
1105,200
1105,200
1105,200
1105,200
1105,200
1105,200
1105,200
1105,200
1105,200
1105,200
1105,200
1105,200
1105,200
1105,200
1105,200
1105,200
1105,200
1106,200
1106,200
1106,200
1106,200
1106,200
1106,200
1106,200
1106,200
1106,200
1106,200
1106,200
1106,200
1106,200
1106,200
1106,200
1106,200
1106,200
1106,200
1106,200
1106,200
1106,200
1106,200
1106,200
1106,200
1106,200
1106,200
1106,200
1106,200
1106,200
1106,250
1106,250
1106,250
1106,250
1106,250
1106,250
1106,250
1106,250
1106,250
1107,250
1107,250
1107,250
1107,250
1107,250
1107,250
1107,250
1107,250
1107,250
1107,250
1107,250
1107,250
1107,250
1107,250
1107,250
1107,250
1107,250
1107,250
1107,250
1107,250
1107,250
1107,250
1107,250
1107,250
1107,250
1107,250
1107,250
1107,250
1107,250
1107,250
1107,250
1107,250
1107,250
1107,250
1107,250
1107,250
1107,250
1107,250
1107,250
1107,250
1107,250
1107,250
1108,250
1108,250
1108,250
1108,250
1108,250
1108,250
1108,250
1108,250
1108,250
1108,250
1108,250
1108,250
1108,250
1108,250
1108,250
1108,250
1108,250
1108,250
1108,250
1108,250
1108,250
1108,250
1108,250
1108,250
1108,250
1108,250
1108,250
1108,250
1108,250
1108,250
1108,250
1108,250
1108,250
1108,250
1108,250
1108,250
1108,250
1108,250
1108,250
1108,250
1108,250
1108,250
1108,250
1109,250
1109,250
1109,250
1109,250
1109,250
1109,250
1109,250
1109,250
1109,250
1109,250
1109,250
1109,250
1109,250
1109,250
1109,250
1109,250
1109,250
1109,250
1109,250
1109,250
1109,250
1109,250
1109,250
1109,250
1109,250
1109,250
1109,250
1109,250
1109,250
1109,250
1109,250
1109,250
1109,250
1109,250
1109,250
1109,250
1109,250
1109,250
1109,250
1109,250
1109,250
1109,250
1109,250
1110,250
1110,250
1110,250
1110,250
1110,250
1110,250
1110,250
1110,250
1110,250
1110,250
1110,250
1110,250
1110,250
1110,250
1110,250
1110,250
1110,250
1110,250
1110,250
1110,250
1110,250
1110,250
1110,250
1110,250
1110,250
1110,250
1110,250
1110,250
1110,250
1110,250
1110,250
1110,250
1110,250
1110,250
1110,250
1110,250
1110,250
1110,250
1110,250
1110,250
1110,250
1110,250
1110,250
1110,250
1111,250
1111,250
1111,250
1111,250
1111,250
1111,250
1111,250
1111,250
1111,250
1111,250
1111,250
1111,250
1111,250
1111,250
1111,250
1111,250
1111,250
1111,250
1111,250
1111,250
1111,250
1111,250
1111,250
1111,250
1111,250
1111,250
1111,250
1111,250
1111,250
1111,250
1111,250
1111,250
1111,250
1111,250
1111,250
1111,250
1111,250
1111,250
1111,250
1111,250
1111,250
1111,250
1112,250
1112,250
1112,250
1112,250
1112,250
1112,250
1112,250
1112,250
1112,250
1112,250
1112,250
1112,250
1112,250
1112,250
1112,250
1112,250
1112,250
1112,250
1112,250
1112,250
1112,250
1112,250
1112,250
1112,250
1112,250
1112,250
1112,250
1112,250
1112,250
1112,250
1112,250
1112,250
1112,250
1112,250
1112,250
1112,250
1112,250
1112,250
1112,250
1112,250
1112,250
1112,250
1112,250
1112,250
1113,250
1113,250
1113,250
1113,250
1113,250
1113,250
1113,250
1113,250
1113,250
1113,250
1113,250
1113,250
1113,250
1113,250
1113,250
1113,250
1113,250
1113,250
1113,250
1113,250
1113,250
1113,250
1113,250
1113,250
1113,250
1113,250
1113,250
1113,250
1113,250
1113,250
1113,250
1113,250
1113,250
1113,250
1113,250
1113,250
1113,250
1113,250
1113,250
1113,250
1113,250
1113,250
1113,250
1113,250
1114,250
1114,250
1114,250
1114,250
1114,250
1114,250
1114,250
1114,250
1114,250
1114,250
1114,250
1114,250
1114,250
1114,250
1114,250
1114,250
1114,250
1114,250
1114,250
1114,250
1114,250
1114,250
1114,250
1114,250
1114,250
1114,250
1114,250
1114,250
1114,250
1114,250
1114,250
1114,250
1114,250
1114,250
1114,250
1114,250
1114,250
1114,250
1114,250
1114,250
1114,250
1114,250
1114,250
1114,250
1115,250
1115,250
1115,250
1115,250
1115,250
1115,250
1115,250
1115,250
1115,250
1115,250
1115,250
1115,250
1115,250
1115,250
1115,250
1115,250
1115,250
1115,250
1115,250
1115,250
1115,250
1115,250
1115,250
1115,250
1115,250
1115,250
1115,250
1115,250
1115,250
1115,250
1115,250
1115,250
1115,250
1115,250
1115,250
1115,250
1115,250
1115,250
1115,250
1115,250
1115,250
1115,250
1116,250
1116,250
1116,250
1116,250
1116,250
1116,250
1116,250
1116,250
1116,250
1116,250
1116,250
1116,250
1116,250
1116,250
1116,250
1116,250
1116,250
1116,250
1116,250
1116,250
1116,250
1116,250
1116,250
1116,250
1116,250
1116,250
1116,250
1116,250
1116,250
1116,250
1116,250
1116,250
1116,250
1116,250
1116,250
1116,250
1116,250
1116,250
1116,250
1116,250
1116,250
1116,250
1116,250
1116,250
1117,250
1117,250
1117,250
1117,250
1117,250
1117,250
1117,250
1117,250
1117,250
1117,250
1117,250
1117,250
1117,250
1117,250
1117,250
1117,250
1117,250
1117,250
1117,250
1117,250
1117,250
1117,250
1117,250
1117,250
1117,250
1117,250
1117,250
1117,250
1117,250
1117,250
1117,250
1117,250
1117,250
1117,250
1117,250
1117,250
1117,250
1117,250
1117,250
1117,250
1117,250
1117,250
1117,250
1118,250
1118,250
1118,250
1118,250
1118,250
1118,250
1118,250
1118,250
1118,250
1118,250
1118,250
1118,250
1118,250
1118,250
1118,250
1118,250
1118,250
1118,250
1118,250
1118,250
1118,250
1118,250
1118,250
1118,250
1118,250
1118,250
1118,250
1118,250
1118,250
1118,250
1118,250
1118,250
1118,250
1118,250
1118,250
1118,250
1118,250
1118,250
1118,250
1118,250
1118,250
1118,250
1118,250
1118,250
1119,250
1119,250
1119,250
1119,250
1119,250
1119,250
1119,250
1119,250
1119,250
1119,250
1119,250
1119,250
1119,250
1119,250
1119,250
1119,250
1119,250
1119,250
1119,250
1119,250
1119,250
1119,250
1119,250
1119,250
1119,250
1119,250
1119,250
1119,250
1119,250
1119,250
1119,250
1119,250
1119,250
1119,250
1119,250
1119,250
1119,250
1119,250
1119,250
1119,250
1119,250
1119,250
1119,250
1120,250
1120,250
1120,250
1120,250
1120,250
1120,250
1120,250
1120,250
1120,250
1120,250
1120,250
1120,250
1120,250
1120,250
1120,250
1120,250
1120,250
1120,250
1120,250
1120,250
1120,250
1120,250
1120,250
1120,250
1120,250
1120,250
1120,250
1120,250
1120,250
1120,250
1120,250
1120,250
1120,250
1120,250
1120,250
1120,250
1120,250
1120,250
1120,250
1120,250
1120,250
1120,250
1120,250
1120,250
1121,250
1121,250
1121,250
1121,250
1121,250
1121,250
1121,250
1121,250
1121,250
1121,250
1121,250
1121,250
1121,250
1121,250
1121,250
1121,250
1121,250
1121,250
1121,250
1121,250
1121,250
1121,250
1121,250
1121,250
1121,250
1121,250
1121,250
1121,250
1121,250
1121,250
1121,250
1121,250
1121,250
1121,250
1121,250
1121,250
1121,250
1121,250
1121,250
1121,250
1121,250
1121,250
1121,250
1121,250
1122,250
1122,250
1122,250
1122,250
1122,250
1122,250
1122,250
1122,250
1122,250
1122,250
1122,250
1122,250
1122,250
1122,250
1122,250
1122,250
1122,250
1122,250
1122,250
1122,250
1122,250
1122,250
1122,250
1122,250
1122,250
1122,250
1122,250
1122,250
1122,250
1122,250
1122,250
1122,250
1122,250
1122,250
1122,250
1122,250
1122,250
1122,250
1122,250
1122,250
1122,250
1122,250
1122,250
1123,250
1123,250
1123,250
1123,250
1123,250
1123,250
1123,250
1123,250
1123,250
1123,250
1123,250
1123,250
1123,250
1123,250
1123,250
1123,250
1123,250
1123,250
1123,250
1123,250
1123,250
1123,250
1123,250
1123,250
1123,250
1123,250
1123,250
1123,250
1123,250
1123,250
1123,250
1123,250
1123,250
1123,250
1123,250
1123,250
1123,250
1123,250
1123,250
1123,250
1123,250
1123,250
1123,250
1124,250
1124,250
1124,250
1124,250
1124,250
1124,250
1124,250
1124,250
1124,250
1124,250
1124,250
1124,250
1124,250
1124,250
1124,250
1124,250
1124,250
1124,250
1124,250
1124,250
1124,250
1124,250
1124,250
1124,250
1124,250
1124,250
1124,250
1124,250
1124,250
1124,250
1124,250
1124,250
1124,250
1124,250
1124,250
1124,250
1124,250
1124,250
1124,250
1124,250
1124,250
1124,250
1124,250
1125,250
1125,250
1125,250
1125,250
1125,250
1125,250
1125,250
1125,250
1125,250
1125,250
1125,250
1125,250
1125,250
1125,250
1125,250
1125,250
1125,250
1125,250
1125,250
1125,250
1125,250
1125,250
1125,250
1125,250
1125,250
1125,250
1125,250
1125,250
1125,250
1125,250
1125,250
1125,250
1125,250
1125,250
1125,250
1125,250
1125,250
1125,250
1125,250
1125,250
1125,250
1125,250
1125,250
1125,250
1126,250
1126,250
1126,250
1126,250
1126,250
1126,250
1126,250
1126,250
1126,250
1126,250
1126,250
1126,250
1126,250
1126,250
1126,250
1126,250
1126,250
1126,250
1126,250
1126,250
1126,250
1126,250
1126,250
1126,250
1126,250
1126,250
1126,250
1126,250
1126,250
1126,250
1126,250
1126,250
1126,250
1126,250
1126,250
1126,250
1126,250
1126,250
1126,250
1126,250
1126,250
1126,250
1126,250
1127,250
1127,250
1127,250
1127,250
1127,250
1127,250
1127,250
1127,250
1127,250
1127,250
1127,250
1127,250
1127,250
1127,250
1127,250
1127,250
1127,250
1127,250
1127,250
1127,250
1127,250
1127,250
1127,250
1127,250
1127,250
1127,250
1127,250
1127,250
1127,250
1127,250
1127,250
1127,250
1127,250
1127,250
1127,250
1127,250
1127,250
1127,250
1127,250
1127,250
1127,250
1127,250
1127,250
1127,250
1128,250
1128,250
1128,250
1128,250
1128,250
1128,250
1128,250
1128,250
1128,250
1128,250
1128,250
1128,250
1128,250
1128,250
1128,250
1128,250
1128,250
1128,250
1128,250
1128,250
1128,250
1128,250
1128,250
1128,250
1128,250
1128,250
1128,250
1128,250
1128,250
1128,250
1128,250
1128,250
1128,250
1128,250
1128,250
1128,250
1128,250
1128,250
1128,250
1128,250
1128,250
1128,250
1128,250
1128,250
1129,250
1129,250
1129,250
1129,250
1129,250
1129,250
1129,250
1129,250
1129,250
1129,250
1129,250
1129,250
1129,250
1129,250
1129,250
1129,250
1129,250
1129,250
1129,250
1129,250
1129,250
1129,250
1129,250
1129,250
1129,250
1129,250
1129,250
1129,250
1129,250
1129,250
1129,250
1129,250
1129,250
1129,250
1129,250
1129,250
1129,250
1129,250
1129,250
1129,250
1129,250
1129,250
1129,250
1130,250
1130,250
1130,250
1130,250
1130,250
1130,250
1130,250
1130,250
1130,250
1130,250
1130,250
1130,250
1130,250
1130,250
1130,250
1130,250
1130,250
1130,250
1130,250
1130,250
1130,250
1130,250
1130,250
1130,250
1130,250
1130,250
1130,250
1130,250
1130,250
1130,250
1130,250
1130,250
1130,250
1130,250
1130,250
1130,250
1130,250
1130,250
1130,250
1130,250
1130,250
1130,250
1130,250
1130,250
1131,250
1131,250
1131,250
1131,250
1131,250
1131,250
1131,250
1131,250
1131,250
1131,250
1131,250
1131,250
1131,250
1131,250
1131,250
1131,250
1131,250
1131,250
1131,250
1131,250
1131,250
1131,250
1131,250
1131,250
1131,250
1131,250
1131,250
1131,250
1131,250
1131,250
1131,250
1131,250
1131,250
1131,250
1131,250
1131,250
1131,250
1131,250
1131,250
1131,250
1131,250
1131,250
1131,250
1131,250
1132,250
1132,250
1132,250
1132,250
1132,250
1132,250
1132,250
1132,250
1132,250
1132,250
1132,250
1132,250
1132,250
1132,250
1132,250
1132,250
1132,250
1132,250
1132,250
1132,250
1132,250
1132,250
1132,250
1132,250
1132,250
1132,250
1132,250
1132,250
1132,250
1132,250
1132,250
1132,250
1132,250
1132,250
1132,250
1132,250
1132,250
1132,250
1132,250
1132,250
1132,250
1132,250
1132,250
1132,250
1133,250
1133,250
1133,250
1133,250
1133,250
1133,250
1133,250
1133,250
1133,250
1133,250
1133,250
1133,250
1133,250
1133,250
1133,250
1133,250
1133,250
1133,250
1133,250
1133,250
1133,250
1133,250
1133,250
1133,250
1133,250
1133,250
1133,250
1133,250
1133,250
1133,250
1133,250
1133,250
1133,250
1133,250
1133,250
1133,250
1133,250
1133,250
1133,250
1133,250
1133,250
1133,250
1133,250
1134,250
1134,250
1134,250
1134,250
1134,250
1134,250
1134,250
1134,250
1134,250
1134,250
1134,250
1134,250
1134,250
1134,250
1134,250
1134,250
1134,250
1134,250
1134,250
1134,250
1134,250
1134,250
1134,250
1134,250
1134,250
1134,250
1134,250
1134,250
1134,250
1134,250
1134,250
1134,250
1134,250
1134,250
1134,250
1134,250
1134,250
1134,250
1134,250
1134,250
1134,250
1134,250
1134,250
1134,250
1135,250
1135,250
1135,250
1135,250
1135,250
1135,250
1135,250
1135,250
1135,250
1135,250
1135,250
1135,250
1135,250
1135,250
1135,250
1135,250
1135,250
1135,250
1135,250
1135,250
1135,250
1135,250
1135,250
1135,250
1135,250
1135,250
1135,250
1135,250
1135,250
1135,250
1135,250
1135,250
1135,250
1135,250
1135,250
1135,250
1135,250
1135,250
1135,250
1135,250
1135,250
1135,250
1135,250
1136,250
1136,250
1136,250
1136,250
1136,250
1136,250
1136,250
1136,250
1136,250
1136,250
1136,250
1136,250
1136,250
1136,250
1136,250
1136,250
1136,250
1136,250
1136,250
1136,250
1136,250
1136,250
1136,250
1136,250
1136,250
1136,250
1136,250
1136,250
1136,250
1136,250
1136,250
1136,250
1136,250
1136,250
1136,250
1136,250
1136,250
1136,250
1136,250
1136,250
1136,250
1136,250
1136,250
1137,250
1137,250
1137,250
1137,250
1137,250
1137,250
1137,250
1137,250
1137,250
1137,250
1137,250
1137,250
1137,250
1137,250
1137,250
1137,250
1137,250
1137,250
1137,250
1137,250
1137,250
1137,250
1137,250
1137,250
1137,250
1137,250
1137,250
1137,250
1137,250
1137,250
1137,250
1137,250
1137,250
1137,250
1137,250
1137,250
1137,250
1137,250
1137,250
1137,250
1137,250
1137,250
1137,250
1137,250
1138,250
1138,250
1138,250
1138,250
1138,250
1138,250
1138,250
1138,250
1138,250
1138,250
1138,250
1138,250
1138,250
1138,250
1138,250
1138,250
1138,250
1138,250
1138,250
1138,250
1138,250
1138,250
1138,250
1138,250
1138,250
1138,250
1138,250
1138,250
1138,250
1138,250
1138,250
1138,250
1138,250
1138,250
1138,250
1138,250
1138,250
1138,250
1138,250
1138,250
1138,250
1138,250
1138,250
1138,250
1139,250
1139,250
1139,250
1139,250
1139,250
1139,250
1139,250
1139,250
1139,250
1139,250
1139,250
1139,250
1139,250
1139,250
1139,250
1139,250
1139,250
1139,250
1139,250
1139,250
1139,250
1139,250
1139,250
1139,250
1139,250
1139,250
1139,250
1139,250
1139,250
1139,250
1139,250
1139,250
1139,250
1139,250
1139,250
1139,250
1139,250
1139,250
1139,250
1139,250
1139,250
1139,250
1139,250
1140,250
1140,250
1140,250
1140,250
1140,250
1140,250
1140,250
1140,250
1140,250
1140,250
1140,250
1140,250
1140,250
1140,250
1140,250
1140,250
1140,250
1140,250
1140,250
1140,250
1140,250
1140,250
1140,250
1140,250
1140,250
1140,250
1140,250
1140,250
1140,250
1140,250
1140,250
1140,250
1140,250
1140,250
1140,250
1140,250
1140,250
1140,250
1140,250
1140,250
1140,250
1140,250
1140,250
1141,250
1141,250
1141,250
1141,250
1141,250
1141,250
1141,250
1141,250
1141,250
1141,250
1141,250
1141,250
1141,250
1141,250
1141,250
1141,250
1141,250
1141,250
1141,250
1141,250
1141,250
1141,250
1141,250
1141,250
1141,250
1141,250
1141,250
1141,250
1141,250
1141,250
1141,250
1141,250
1141,250
1141,250
1141,250
1141,250
1141,250
1141,250
1141,250
1141,250
1141,250
1141,250
1141,250
1141,250
1142,250
1142,250
1142,250
1142,250
1142,250
1142,250
1142,250
1142,250
1142,250
1142,250
1142,250
1142,250
1142,250
1142,250
1142,250
1142,250
1142,250
1142,250
1142,250
1142,250
1142,250
1142,250
1142,250
1142,250
1142,250
1142,250
1142,250
1142,250
1142,250
1142,250
1142,250
1142,250
1142,250
1142,250
1142,250
1142,250
1142,250
1142,250
1142,250
1142,250
1142,250
1142,250
1142,250
1143,250
1143,250
1143,250
1143,250
1143,250
1143,250
1143,250
1143,250
1143,250
1143,250
1143,250
1143,250
1143,250
1143,250
1143,250
1143,250
1143,250
1143,250
1143,250
1143,250
1143,250
1143,250
1143,250
1143,250
1143,250
1143,250
1143,250
1143,250
1143,250
1143,250
1143,250
1143,250
1143,250
1143,250
1143,250
1143,250
1143,250
1143,250
1143,250
1143,250
1143,250
1143,250
1143,250
1143,250
1144,250
1144,250
1144,250
1144,250
1144,250
1144,250
1144,250
1144,250
1144,250
1144,250
1144,250
1144,250
1144,250
1144,250
1144,250
1144,250
1144,250
1144,250
1144,250
1144,250
1144,250
1144,250
1144,250
1144,250
1144,250
1144,250
1144,250
1144,250
1144,250
1144,250
1144,250
1144,250
1144,250
1144,250
1144,250
1144,250
1144,250
1144,250
1144,250
1144,250
1144,250
1144,250
1144,250
1144,250
1145,250
1145,250
1145,250
1145,250
1145,250
1145,250
1145,250
1145,250
1145,250
1145,250
1145,250
1145,250
1145,250
1145,250
1145,250
1145,250
1145,250
1145,250
1145,250
1145,250
1145,250
1145,250
1145,250
1145,250
1145,250
1145,250
1145,250
1145,250
1145,250
1145,250
1145,250
1145,250
1145,250
1145,250
1145,250
1145,250
1145,250
1145,250
1145,250
1145,250
1145,250
1145,250
1145,250
1146,250
1146,250
1146,250
1146,250
1146,250
1146,250
1146,250
1146,250
1146,250
1146,250
1146,250
1146,250
1146,250
1146,250
1146,250
1146,250
1146,250
1146,250
1146,250
1146,250
1146,250
1146,250
1146,250
1146,250
1146,250
1146,250
1146,250
1146,250
1146,250
1146,250
1146,250
1146,250
1146,250
1146,250
1146,250
1146,250
1146,250
1146,250
1146,250
1146,250
1146,250
1146,250
1146,250
1147,250
1147,250
1147,250
1147,250
1147,250
1147,250
1147,250
1147,250
1147,250
1147,250
1147,250
1147,250
1147,250
1147,250
1147,250
1147,250
1147,250
1147,250
1147,250
1147,250
1147,250
1147,250
1147,250
1147,250
1147,250
1147,250
1147,250
1147,250
1147,250
1147,250
1147,250
1147,250
1147,250
1147,250
1147,250
1147,250
1147,250
1147,250
1147,250
1147,250
1147,250
1147,250
1147,250
1148,250
1148,250
1148,250
1148,250
1148,250
1148,250
1148,250
1148,250
1148,250
1148,250
1148,250
1148,250
1148,250
1148,250
1148,250
1148,250
1148,250
1148,250
1148,250
1148,250
1148,250
1148,250
1148,250
1148,250
1148,250
1148,250
1148,250
1148,250
1148,250
1148,250
1148,250
1148,250
1148,250
1148,250
1148,250
1148,250
1148,250
1148,250
1148,250
1148,250
1148,250
1148,250
1148,250
1148,250
1149,250
1149,250
1149,250
1149,250
1149,250
1149,250
1149,250
1149,250
1149,250
1149,250
1149,250
1149,250
1149,250
1149,250
1149,250
1149,250
1149,250
1149,250
1149,250
1149,250
1149,250
1149,250
1149,250
1149,250
1149,250
1149,250
1149,250
1149,250
1149,250
1149,250
1149,250
1149,250
1149,250
1149,250
1149,250
1149,250
1149,250
1149,250
1149,250
1149,250
1149,250
1149,250
1149,250
1150,250
1150,250
1150,250
1150,250
1150,250
1150,250
1150,250
1150,250
1150,250
1150,250
1150,250
1150,250
1150,250
1150,250
1150,250
1150,250
1150,250
1150,250
1150,250
1150,250
1150,250
1150,250
1150,250
1150,250
1150,250
1150,250
1150,250
1150,250
1150,250
1150,250
1150,250
1150,250
1150,250
1150,250
1150,250
1150,250
1150,250
1150,250
1150,250
1150,250
1150,250
1150,250
1150,250
1151,250
1151,250
1151,250
1151,250
1151,250
1151,250
1151,250
1151,250
1151,250
1151,250
1151,250
1151,250
1151,250
1151,250
1151,250
1151,250
1151,250
1151,250
1151,250
1151,250
1151,250
1151,250
1151,250
1151,250
1151,250
1151,250
1151,250
1151,250
1151,250
1151,250
1151,250
1151,250
1151,250
1151,250
1151,250
1151,250
1151,250
1151,250
1151,250
1151,250
1151,250
1151,250
1151,250
1151,250
1152,250
1152,250
1152,250
1152,250
1152,250
1152,250
1152,250
1152,250
1152,250
1152,250
1152,250
1152,250
1152,250
1152,250
1152,250
1152,250
1152,250
1152,250
1152,250
1152,250
1152,250
1152,250
1152,250
1152,250
1152,250
1152,250
1152,250
1152,250
1152,250
1152,250
1152,250
1152,250
1152,250
1152,250
1152,250
1152,250
1152,250
1152,250
1152,250
1152,250
1152,250
1152,250
1152,250
1153,250
1153,250
1153,250
1153,250
1153,250
1153,250
1153,250
1153,250
1153,250
1153,250
1153,250
1153,250
1153,250
1153,250
1153,250
1153,250
1153,250
1153,250
1153,250
1153,250
1153,250
1153,250
1153,250
1153,250
1153,250
1153,250
1153,250
1153,250
1153,250
1153,250
1153,250
1153,250
1153,250
1153,250
1153,250
1153,250
1153,250
1153,250
1153,250
1153,250
1153,250
1153,250
1154,250
1154,250
1154,250
1154,250
1154,250
1154,250
1154,250
1154,250
1154,250
1154,250
1154,250
1154,250
1154,250
1154,250
1154,250
1154,250
1154,250
1154,250
1154,250
1154,250
1154,250
1154,250
1154,250
1154,250
1154,250
1154,250
1154,250
1154,250
1154,250
1154,250
1154,250
1154,250
1154,250
1154,250
1154,250
1154,250
1154,250
1154,250
1154,250
1154,250
1154,250
1154,250
1154,250
1154,250
1155,250
1155,250
1155,250
1155,250
1155,250
1155,250
1155,250
1155,250
1155,250
1155,250
1155,250
1155,250
1155,250
1155,250
1155,250
1155,250
1155,250
1155,250
1155,250
1155,250
1155,250
1155,250
1155,250
1155,250
1155,250
1155,250
1155,250
1155,250
1155,250
1155,250
1155,250
1155,250
1155,250
1155,250
1155,250
1155,250
1155,250
1155,250
1155,250
1155,250
1155,250
1155,250
1155,250
1155,250
1156,250
1156,250
1156,250
1156,250
1156,250
1156,250
1156,250
1156,250
1156,250
1156,250
1156,250
1156,250
1156,250
1156,250
1156,250
1156,250
1156,250
1156,250
1156,250
1156,250
1156,250
1156,250
1156,250
1156,250
1156,250
1156,250
1156,250
1156,250
1156,250
1156,250
1156,250
1156,250
1156,250
1156,250
1156,250
1156,250
1156,250
1156,250
1156,250
1156,250
1156,250
1156,250
1156,250
1156,250
1157,250
1157,250
1157,250
1157,250
1157,250
1157,250
1157,250
1157,250
1157,250
1157,250
1157,250
1157,250
1157,250
1157,250
1157,250
1157,250
1157,250
1157,250
1157,250
1157,250
1157,250
1157,250
1157,250
1157,250
1157,250
1157,250
1157,250
1157,250
1157,250
1157,250
1157,250
1157,250
1157,250
1157,250
1157,250
1157,250
1157,250
1157,250
1157,250
1157,250
1157,250
1157,250
1157,250
1158,250
1158,250
1158,250
1158,250
1158,250
1158,250
1158,250
1158,250
1158,250
1158,250
1158,250
1158,250
1158,250
1158,250
1158,250
1158,250
1158,250
1158,250
1158,250
1158,250
1158,250
1158,250
1158,250
1158,250
1158,250
1158,250
1158,250
1158,250
1158,250
1158,250
1158,250
1158,250
1158,250
1158,250
1158,250
1158,250
1158,250
1158,250
1158,250
1158,250
1158,250
1158,250
1158,250
1158,250
1159,250
1159,250
1159,250
1159,250
1159,250
1159,250
1159,250
1159,250
1159,250
1159,250
1159,250
1159,250
1159,250
1159,250
1159,250
1159,250
1159,250
1159,250
1159,250
1159,250
1159,250
1159,250
1159,250
1159,250
1159,250
1159,250
1159,250
1159,250
1159,250
1159,250
1159,250
1159,250
1159,250
1159,250
1159,250
1159,250
1159,250
1159,250
1159,250
1159,250
1159,250
1159,250
1159,250
1159,250
1160,250
1160,250
1160,250
1160,250
1160,250
1160,250
1160,250
1160,250
1160,250
1160,250
1160,250
1160,250
1160,250
1160,250
1160,250
1160,250
1160,250
1160,250
1160,250
1160,250
1160,250
1160,250
1160,250
1160,250
1160,250
1160,250
1160,250
1160,250
1160,250
1160,250
1160,250
1160,250
1160,250
1160,250
1160,250
1160,250
1160,250
1160,250
1160,250
1160,250
1160,250
1160,250
1160,250
1161,250
1161,250
1161,250
1161,250
1161,250
1161,250
1161,250
1161,250
1161,250
1161,250
1161,250
1161,250
1161,250
1161,250
1161,250
1161,250
1161,250
1161,250
1161,250
1161,250
1161,250
1161,250
1161,250
1161,250
1161,250
1161,250
1161,250
1161,250
1161,250
1161,250
1161,250
1161,250
1161,250
1161,250
1161,250
1161,250
1161,250
1161,250
1161,250
1161,250
1161,250
1161,250
1161,250
1162,250
1162,250
1162,250
1162,250
1162,250
1162,250
1162,250
1162,250
1162,250
1162,250
1162,250
1162,250
1162,250
1162,250
1162,250
1162,250
1162,250
1162,250
1162,250
1162,250
1162,250
1162,250
1162,250
1162,250
1162,250
1162,250
1162,250
1162,250
1162,250
1162,250
1162,250
1162,250
1162,250
1162,250
1162,250
1162,250
1162,250
1162,250
1162,250
1162,250
1162,250
1162,250
1163,250
1163,250
1163,250
1163,250
1163,250
1163,250
1163,250
1163,250
1163,250
1163,250
1163,250
1163,250
1163,250
1163,250
1163,250
1163,250
1163,250
1163,250
1163,250
1163,250
1163,250
1163,250
1163,250
1163,250
1163,250
1163,250
1163,250
1163,250
1163,250
1163,250
1163,250
1163,250
1163,250
1163,250
1163,250
1163,250
1163,250
1163,250
1163,250
1163,250
1163,250
1163,250
1163,250
1163,250
1164,250
1164,250
1164,250
1164,250
1164,250
1164,250
1164,250
1164,250
1164,250
1164,250
1164,250
1164,250
1164,250
1164,250
1164,250
1164,250
1164,250
1164,250
1164,250
1164,250
1164,250
1164,250
1164,250
1164,250
1164,250
1164,250
1164,250
1164,250
1164,250
1164,250
1164,250
1164,250
1164,250
1164,250
1164,250
1164,250
1164,250
1164,250
1164,250
1164,250
1164,250
1164,250
1164,250
1164,250
1165,250
1165,250
1165,250
1165,250
1165,250
1165,250
1165,250
1165,250
1165,250
1165,250
1165,250
1165,250
1165,250
1165,250
1165,250
1165,250
1165,250
1165,250
1165,250
1165,250
1165,250
1165,250
1165,250
1165,250
1165,250
1165,250
1165,250
1165,250
1165,250
1165,250
1165,250
1165,250
1165,250
1165,250
1165,250
1165,250
1165,250
1165,250
1165,250
1165,250
1165,250
1165,250
1165,250
1165,250
1166,250
1166,250
1166,250
1166,250
1166,250
1166,250
1166,250
1166,250
1166,250
1166,250
1166,250
1166,250
1166,250
1166,250
1166,250
1166,250
1166,250
1166,250
1166,250
1166,250
1166,250
1166,250
1166,250
1166,250
1166,250
1166,250
1166,250
1166,250
1166,250
1166,250
1166,250
1166,250
1166,250
1166,250
1166,250
1166,250
1166,250
1166,250
1166,250
1166,250
1166,250
1166,250
1166,250
1167,250
1167,250
1167,250
1167,250
1167,250
1167,250
1167,250
1167,250
1167,250
1167,250
1167,250
1167,250
1167,250
1167,250
1167,250
1167,250
1167,250
1167,250
1167,250
1167,250
1167,250
1167,250
1167,250
1167,250
1167,250
1167,250
1167,250
1167,250
1167,250
1167,250
1167,250
1167,250
1167,250
1167,250
1167,250
1167,250
1167,250
1167,250
1167,250
1167,250
1167,250
1167,250
1167,250
1168,250
1168,250
1168,250
1168,250
1168,250
1168,250
1168,250
1168,250
1168,250
1168,250
1168,250
1168,250
1168,250
1168,250
1168,250
1168,250
1168,250
1168,250
1168,250
1168,250
1168,250
1168,250
1168,250
1168,250
1168,250
1168,250
1168,250
1168,250
1168,250
1168,250
1168,250
1168,250
1168,250
1168,250
1168,250
1168,250
1168,250
1168,250
1168,250
1168,250
1168,250
1168,250
1168,250
1169,250
1169,250
1169,250
1169,250
1169,250
1169,250
1169,250
1169,250
1169,250
1169,250
1169,250
1169,250
1169,250
1169,250
1169,250
1169,250
1169,250
1169,250
1169,250
1169,250
1169,250
1169,250
1169,250
1169,250
1169,250
1169,250
1169,250
1169,250
1169,250
1169,250
1169,250
1169,250
1169,250
1169,250
1169,250
1169,250
1169,250
1169,250
1169,250
1169,250
1169,250
1169,250
1169,250
1170,250
1170,250
1170,250
1170,250
1170,250
1170,250
1170,250
1170,250
1170,250
1170,250
1170,250
1170,250
1170,250
1170,250
1170,250
1170,250
1170,250
1170,250
1170,250
1170,250
1170,250
1170,250
1170,250
1170,250
1170,250
1170,250
1170,250
1170,250
1170,250
1170,250
1170,250
1170,250
1170,250
1170,250
1170,250
1170,250
1170,250
1170,250
1170,250
1170,250
1170,250
1170,250
1170,250
1171,250
1171,250
1171,250
1171,250
1171,250
1171,250
1171,250
1171,250
1171,250
1171,250
1171,250
1171,250
1171,250
1171,250
1171,250
1171,250
1171,250
1171,250
1171,250
1171,250
1171,250
1171,250
1171,250
1171,250
1171,250
1171,250
1171,250
1171,250
1171,250
1171,250
1171,250
1171,250
1171,250
1171,250
1171,250
1171,250
1171,250
1171,250
1171,250
1171,250
1171,250
1171,250
1171,250
1172,250
1172,250
1172,250
1172,250
1172,250
1172,250
1172,250
1172,250
1172,250
1172,250
1172,250
1172,250
1172,250
1172,250
1172,250
1172,250
1172,250
1172,250
1172,250
1172,250
1172,250
1172,250
1172,250
1172,250
1172,250
1172,250
1172,250
1172,250
1172,250
1172,250
1172,250
1172,250
1172,250
1172,250
1172,250
1172,250
1172,250
1172,250
1172,250
1172,250
1172,250
1172,250
1172,250
1172,250
1173,250
1173,250
1173,250
1173,250
1173,250
1173,250
1173,250
1173,250
1173,250
1173,250
1173,250
1173,250
1173,250
1173,250
1173,250
1173,250
1173,250
1173,250
1173,250
1173,250
1173,250
1173,250
1173,250
1173,250
1173,250
1173,250
1173,250
1173,250
1173,250
1173,250
1173,250
1173,250
1173,250
1173,250
1173,250
1173,250
1173,250
1173,250
1173,250
1173,250
1173,250
1173,250
1174,250
1174,250
1174,250
1174,250
1174,250
1174,250
1174,250
1174,250
1174,250
1174,250
1174,250
1174,250
1174,250
1174,250
1174,250
1174,250
1174,250
1174,250
1174,250
1174,250
1174,250
1174,250
1174,250
1174,250
1174,250
1174,250
1174,250
1174,250
1174,250
1174,250
1174,250
1174,250
1174,250
1174,250
1174,250
1174,250
1174,250
1174,250
1174,250
1174,250
1174,250
1174,250
1175,250
1175,250
1175,250
1175,250
1175,250
1175,250
1175,250
1175,250
1175,250
1175,250
1175,250
1175,250
1175,250
1175,250
1175,250
1175,250
1175,250
1175,250
1175,250
1175,250
1175,250
1175,250
1175,250
1175,250
1175,250
1175,250
1175,250
1175,250
1175,250
1175,250
1175,250
1175,250
1175,250
1175,250
1175,250
1175,250
1175,250
1175,250
1175,250
1175,250
1175,250
1175,250
1175,250
1175,250
1176,250
1176,250
1176,250
1176,250
1176,250
1176,250
1176,250
1176,250
1176,250
1176,250
1176,250
1176,250
1176,250
1176,250
1176,250
1176,250
1176,250
1176,250
1176,250
1176,250
1176,250
1176,250
1176,250
1176,250
1176,250
1176,250
1176,250
1176,250
1176,250
1176,250
1176,250
1176,250
1176,250
1176,250
1176,250
1176,250
1176,250
1176,250
1176,250
1176,250
1176,250
1176,250
1176,250
1176,250
1177,250
1177,250
1177,250
1177,250
1177,250
1177,250
1177,250
1177,250
1177,250
1177,250
1177,250
1177,250
1177,250
1177,250
1177,250
1177,250
1177,250
1177,250
1177,250
1177,250
1177,250
1177,250
1177,250
1177,250
1177,250
1177,250
1177,250
1177,250
1177,250
1177,250
1177,250
1177,250
1177,250
1177,250
1177,250
1177,250
1177,250
1177,250
1177,250
1177,250
1177,250
1177,250
1177,250
1177,250
1178,250
1178,250
1178,250
1178,250
1178,250
1178,250
1178,250
1178,250
1178,250
1178,250
1178,250
1178,250
1178,250
1178,250
1178,250
1178,250
1178,250
1178,250
1178,250
1178,250
1178,250
1178,250
1178,250
1178,250
1178,250
1178,250
1178,250
1178,250
1178,250
1178,250
1178,250
1178,250
1178,250
1178,250
1178,250
1178,250
1178,250
1178,250
1178,250
1178,250
1178,250
1178,250
1178,250
1178,250
1179,250
1179,250
1179,250
1179,250
1179,250
1179,250
1179,250
1179,250
1179,250
1179,250
1179,250
1179,250
1179,250
1179,250
1179,250
1179,250
1179,250
1179,250
1179,250
1179,250
1179,250
1179,250
1179,250
1179,250
1179,250
1179,250
1179,250
1179,250
1179,250
1179,250
1179,250
1179,250
1179,250
1179,250
1179,250
1179,250
1179,250
1179,250
1179,250
1179,250
1179,250
1179,250
1179,250
1180,250
1180,250
1180,250
1180,250
1180,250
1180,250
1180,250
1180,250
1180,250
1180,250
1180,250
1180,250
1180,250
1180,250
1180,250
1180,250
1180,250
1180,250
1180,250
1180,250
1180,250
1180,250
1180,250
1180,250
1180,250
1180,250
1180,250
1180,250
1180,250
1180,250
1180,250
1180,250
1180,250
1180,250
1180,250
1180,250
1180,250
1180,250
1180,250
1180,250
1180,250
1180,250
1180,250
1181,250
1181,250
1181,250
1181,250
1181,250
1181,250
1181,250
1181,250
1181,250
1181,250
1181,250
1181,250
1181,250
1181,250
1181,250
1181,250
1181,250
1181,250
1181,250
1181,250
1181,250
1181,250
1181,250
1181,250
1181,250
1181,250
1181,250
1181,250
1181,250
1181,250
1181,250
1181,250
1181,250
1181,250
1181,250
1181,250
1181,250
1181,250
1181,250
1181,250
1181,250
1181,250
1181,250
1181,250
1182,250
1182,250
1182,250
1182,250
1182,250
1182,250
1182,250
1182,250
1182,250
1182,250
1182,250
1182,250
1182,250
1182,250
1182,250
1182,250
1182,250
1182,250
1182,250
1182,250
1182,250
1182,250
1182,250
1182,250
1182,250
1182,250
1182,250
1182,250
1182,250
1182,250
1182,250
1182,250
1182,250
1182,250
1182,250
1182,250
1182,250
1182,250
1182,250
1182,250
1182,250
1182,250
1183,250
1183,250
1183,250
1183,250
1183,250
1183,250
1183,250
1183,250
1183,250
1183,250
1183,250
1183,250
1183,250
1183,250
1183,250
1183,250
1183,250
1183,250
1183,250
1183,250
1183,250
1183,250
1183,250
1183,250
1183,250
1183,250
1183,250
1183,250
1183,250
1183,250
1183,250
1183,250
1183,250
1183,250
1183,250
1183,250
1183,250
1183,250
1183,250
1183,250
1183,250
1183,250
1183,250
1183,250
1184,250
1184,250
1184,250
1184,250
1184,250
1184,250
1184,250
1184,250
1184,250
1184,250
1184,250
1184,250
1184,250
1184,250
1184,250
1184,250
1184,250
1184,250
1184,250
1184,250
1184,250
1184,250
1184,250
1184,250
1184,250
1184,250
1184,250
1184,250
1184,250
1184,250
1184,250
1184,250
1184,250
1184,250
1184,250
1184,250
1184,250
1184,250
1184,250
1184,250
1184,250
1184,250
1184,250
1184,250
1185,250
1185,250
1185,250
1185,250
1185,250
1185,250
1185,250
1185,250
1185,250
1185,250
1185,250
1185,250
1185,250
1185,250
1185,250
1185,250
1185,250
1185,250
1185,250
1185,250
1185,250
1185,250
1185,250
1185,250
1185,250
1185,250
1185,250
1185,250
1185,250
1185,250
1185,250
1185,250
1185,250
1185,250
1185,250
1185,250
1185,250
1185,250
1185,250
1185,250
1185,250
1185,250
1185,250
1186,250
1186,250
1186,250
1186,250
1186,250
1186,250
1186,250
1186,250
1186,250
1186,250
1186,250
1186,250
1186,250
1186,250
1186,250
1186,250
1186,250
1186,250
1186,250
1186,250
1186,250
1186,250
1186,250
1186,250
1186,250
1186,250
1186,250
1186,250
1186,250
1186,250
1186,250
1186,250
1186,250
1186,250
1186,250
1186,250
1186,250
1186,250
1186,250
1186,250
1186,250
1186,250
1186,250
1187,250
1187,250
1187,250
1187,250
1187,250
1187,250
1187,250
1187,250
1187,250
1187,250
1187,250
1187,250
1187,250
1187,250
1187,250
1187,250
1187,250
1187,250
1187,250
1187,250
1187,250
1187,250
1187,250
1187,250
1187,250
1187,250
1187,250
1187,250
1187,250
1187,250
1187,250
1187,250
1187,250
1187,250
1187,250
1187,250
1187,250
1187,250
1187,250
1187,250
1187,250
1187,250
1188,250
1188,250
1188,250
1188,250
1188,250
1188,250
1188,250
1188,250
1188,250
1188,250
1188,250
1188,250
1188,250
1188,250
1188,250
1188,250
1188,250
1188,250
1188,250
1188,250
1188,250
1188,250
1188,250
1188,250
1188,250
1188,250
1188,250
1188,250
1188,250
1188,250
1188,250
1188,250
1188,250
1188,250
1188,250
1188,250
1188,250
1188,250
1188,250
1188,250
1188,250
1188,250
1189,250
1189,250
1189,250
1189,250
1189,250
1189,250
1189,250
1189,250
1189,250
1189,250
1189,250
1189,250
1189,250
1189,250
1189,250
1189,250
1189,250
1189,250
1189,250
1189,250
1189,250
1189,250
1189,250
1189,250
1189,250
1189,250
1189,250
1189,250
1189,250
1189,250
1189,250
1189,250
1189,250
1189,250
1189,250
1189,250
1189,250
1189,250
1189,250
1189,250
1189,250
1189,250
1190,250
1190,250
1190,250
1190,250
1190,250
1190,250
1190,250
1190,250
1190,250
1190,250
1190,250
1190,250
1190,250
1190,250
1190,250
1190,250
1190,250
1190,250
1190,250
1190,250
1190,250
1190,250
1190,250
1190,250
1190,250
1190,250
1190,250
1190,250
1190,250
1190,250
1190,250
1190,250
1190,250
1190,250
1190,250
1190,250
1190,250
1190,250
1190,250
1190,250
1190,250
1190,250
1190,250
1190,250
1191,250
1191,250
1191,250
1191,250
1191,250
1191,250
1191,250
1191,250
1191,250
1191,250
1191,250
1191,250
1191,250
1191,250
1191,250
1191,250
1191,250
1191,250
1191,250
1191,250
1191,250
1191,250
1191,250
1191,250
1191,250
1191,250
1191,250
1191,250
1191,250
1191,250
1191,250
1191,250
1191,250
1191,250
1191,250
1191,250
1191,250
1191,250
1191,250
1191,250
1191,250
1191,250
1191,250
1192,250
1192,250
1192,250
1192,250
1192,250
1192,250
1192,250
1192,250
1192,250
1192,250
1192,250
1192,250
1192,250
1192,250
1192,250
1192,250
1192,250
1192,250
1192,250
1192,250
1192,250
1192,250
1192,250
1192,250
1192,250
1192,250
1192,250
1192,250
1192,250
1192,250
1192,250
1192,250
1192,250
1192,250
1192,250
1192,250
1192,250
1192,250
1192,250
1192,250
1192,250
1192,250
1192,250
1192,250
1193,250
1193,250
1193,250
1193,250
1193,250
1193,250
1193,250
1193,250
1193,250
1193,250
1193,250
1193,250
1193,250
1193,250
1193,250
1193,250
1193,250
1193,250
1193,250
1193,250
1193,250
1193,250
1193,250
1193,250
1193,250
1193,250
1193,250
1193,250
1193,250
1193,250
1193,250
1193,250
1193,250
1193,250
1193,250
1193,250
1193,250
1193,250
1193,250
1193,250
1193,250
1193,250
1193,250
1194,250
1194,250
1194,250
1194,250
1194,250
1194,250
1194,250
1194,250
1194,250
1194,250
1194,250
1194,250
1194,250
1194,250
1194,250
1194,250
1194,250
1194,250
1194,250
1194,250
1194,250
1194,250
1194,250
1194,250
1194,250
1194,250
1194,250
1194,250
1194,250
1194,250
1194,250
1194,250
1194,250
1194,250
1194,250
1194,250
1194,250
1194,250
1194,250
1194,250
1194,250
1194,250
1194,250
1195,250
1195,250
1195,250
1195,250
1195,250
1195,250
1195,250
1195,250
1195,250
1195,250
1195,250
1195,250
1195,250
1195,250
1195,250
1195,250
1195,250
1195,250
1195,250
1195,250
1195,250
1195,250
1195,250
1195,250
1195,250
1195,250
1195,250
1195,250
1195,250
1195,250
1195,250
1195,250
1195,250
1195,250
1195,250
1195,250
1195,250
1195,250
1195,250
1195,250
1195,250
1195,250
1195,250
1196,250
1196,250
1196,250
1196,250
1196,250
1196,250
1196,250
1196,250
1196,250
1196,250
1196,250
1196,250
1196,250
1196,250
1196,250
1196,250
1196,250
1196,250
1196,250
1196,250
1196,250
1196,250
1196,250
1196,250
1196,250
1196,250
1196,250
1196,250
1196,250
1196,250
1196,250
1196,250
1196,250
1196,250
1196,250
1196,250
1196,250
1196,250
1196,250
1196,250
1196,250
1196,250
1197,250
1197,250
1197,250
1197,250
1197,250
1197,250
1197,250
1197,250
1197,250
1197,250
1197,250
1197,250
1197,250
1197,250
1197,250
1197,250
1197,250
1197,250
1197,250
1197,250
1197,250
1197,250
1197,250
1197,250
1197,250
1197,250
1197,250
1197,250
1197,250
1197,250
1197,250
1197,250
1197,250
1197,250
1197,250
1197,250
1197,250
1197,250
1197,250
1197,250
1197,250
1197,250
1197,250
1198,250
1198,250
1198,250
1198,250
1198,250
1198,250
1198,250
1198,250
1198,250
1198,250
1198,250
1198,250
1198,250
1198,250
1198,250
1198,250
1198,250
1198,250
1198,250
1198,250
1198,250
1198,250
1198,250
1198,250
1198,250
1198,250
1198,250
1198,250
1198,250
1198,250
1198,250
1198,250
1198,250
1198,250
1198,250
1198,250
1198,250
1198,250
1198,250
1198,250
1198,250
1198,250
1198,250
1199,250
1199,250
1199,250
1199,250
1199,250
1199,250
1199,250
1199,250
1199,250
1199,250
1199,250
1199,250
1199,250
1199,250
1199,250
1199,250
1199,250
1199,250
1199,250
1199,250
1199,250
1199,250
1199,250
1199,250
1199,250
1199,250
1199,250
1199,250
1199,250
1199,250
1199,250
1199,250
1199,250
1199,250
1199,250
1199,250
1199,250
1199,250
1199,250
1199,250
1199,250
1199,250
1199,250
1200,250
1200,250
1200,250
1200,250
1200,250
1200,250
1200,250
1200,250
1200,250
1200,250
1200,250
1200,250
1200,250
1200,250
1200,250
1200,250
1200,250
1200,250
1200,250
1200,250
1200,250
1200,250
1200,250
1200,250
1200,250
1200,250
1200,250
1200,250
1200,250
1200,250
1200,250
1200,250
1200,250
1200,250
1200,250
1200,250
1200,250
1200,250
1200,250
1200,250
1200,250
1200,250
1200,250
1201,250
1201,250
1201,250
1201,250
1201,250
1201,250
1201,250
1201,250
1201,250
1201,250
1201,250
1201,250
1201,250
1201,250
1201,250
1201,250
1201,250
1201,250
1201,250
1201,250
1201,250
1201,250
1201,250
1201,250
1201,250
1201,250
1201,250
1201,250
1201,250
1201,250
1201,250
1201,250
1201,250
1201,250
1201,250
1201,250
1201,250
1201,250
1201,250
1201,250
1201,250
1202,250
1202,250
1202,250
1202,250
1202,250
1202,250
1202,250
1202,250
1202,250
1202,250
1202,250
1202,250
1202,250
1202,250
1202,250
1202,250
1202,250
1202,250
1202,250
1202,250
1202,250
1202,250
1202,250
1202,250
1202,250
1202,250
1202,250
1202,250
1202,250
1202,250
1202,250
1202,250
1202,250
1202,250
1202,250
1202,250
1202,250
1202,250
1202,250
1202,250
1202,250
1202,250
1202,250
1203,250
1203,250
1203,250
1203,250
1203,250
1203,250
1203,250
1203,250
1203,250
1203,250
1203,250
1203,250
1203,250
1203,250
1203,250
1203,250
1203,250
1203,250
1203,250
1203,250
1203,250
1203,250
1203,250
1203,250
1203,250
1203,250
1203,250
1203,250
1203,250
1203,250
1203,250
1203,250
1203,250
1203,250
1203,250
1203,250
1203,250
1203,250
1203,250
1203,250
1203,250
1203,250
1203,250
1203,250
1204,250
1204,250
1204,250
1204,250
1204,250
1204,250
1204,250
1204,250
1204,250
1204,250
1204,250
1204,250
1204,250
1204,250
1204,250
1204,250
1204,250
1204,250
1204,250
1204,250
1204,250
1204,250
1204,250
1204,250
1204,250
1204,250
1204,250
1204,250
1204,250
1204,250
1204,250
1204,250
1204,250
1204,250
1204,250
1204,250
1204,250
1204,250
1204,250
1204,250
1204,250
1204,250
1204,250
1205,250
1205,250
1205,250
1205,250
1205,250
1205,250
1205,250
1205,250
1205,250
1205,250
1205,250
1205,250
1205,250
1205,250
1205,250
1205,250
1205,250
1205,250
1205,250
1205,250
1205,250
1205,250
1205,250
1205,250
1205,250
1205,250
1205,250
1205,250
1205,250
1205,250
1205,250
1205,250
1205,250
1205,250
1205,250
1205,250
1205,250
1205,250
1205,250
1205,250
1205,250
1205,250
1205,250
1205,250
1206,250
1206,250
1206,250
1206,250
1206,250
1206,250
1206,250
1206,250
1206,250
1206,250
1206,250
1206,250
1206,250
1206,250
1206,250
1206,250
1206,250
1206,250
1206,250
1206,250
1206,250
1206,250
1206,250
1206,250
1206,250
1206,250
1206,250
1206,250
1206,250
1206,250
1206,250
1206,250
1206,250
1206,250
1206,250
1206,250
1206,250
1206,250
1206,250
1206,250
1206,250
1206,250
1206,250
1206,250
1207,250
1207,250
1207,250
1207,250
1207,250
1207,250
1207,250
1207,250
1207,250
1207,250
1207,250
1207,250
1207,250
1207,250
1207,250
1207,250
1207,250
1207,250
1207,250
1207,250
1207,250
1207,250
1207,250
1207,250
1207,250
1207,250
1207,250
1207,250
1207,250
1207,250
1207,250
1207,250
1207,250
1207,250
1207,250
1207,250
1207,250
1207,250
1207,250
1207,250
1207,250
1207,250
1207,250
1208,250
1208,250
1208,250
1208,250
1208,250
1208,250
1208,250
1208,250
1208,250
1208,250
1208,250
1208,250
1208,250
1208,250
1208,250
1208,250
1208,250
1208,250
1208,250
1208,250
1208,250
1208,250
1208,250
1208,250
1208,250
1208,250
1208,250
1208,250
1208,250
1208,250
1208,250
1208,250
1208,250
1208,250
1208,250
1208,250
1208,250
1208,250
1208,250
1208,250
1208,250
1208,250
1208,250
1209,250
1209,250
1209,250
1209,250
1209,250
1209,250
1209,250
1209,250
1209,250
1209,250
1209,250
1209,250
1209,250
1209,250
1209,250
1209,250
1209,250
1209,250
1209,250
1209,250
1209,250
1209,250
1209,250
1209,250
1209,250
1209,250
1209,250
1209,250
1209,250
1209,250
1209,250
1209,250
1209,250
1209,250
1209,250
1209,250
1209,250
1209,250
1209,250
1209,250
1209,250
1209,250
1210,250
1210,250
1210,250
1210,250
1210,250
1210,250
1210,250
1210,250
1210,250
1210,250
1210,250
1210,250
1210,250
1210,250
1210,250
1210,250
1210,250
1210,250
1210,250
1210,250
1210,250
1210,250
1210,250
1210,250
1210,250
1210,250
1210,250
1210,250
1210,250
1210,250
1210,250
1210,250
1210,250
1210,250
1210,250
1210,250
1210,250
1210,250
1210,250
1210,250
1210,250
1210,250
1210,250
1211,250
1211,250
1211,250
1211,250
1211,250
1211,250
1211,250
1211,250
1211,250
1211,250
1211,250
1211,250
1211,250
1211,250
1211,250
1211,250
1211,250
1211,250
1211,250
1211,250
1211,250
1211,250
1211,250
1211,250
1211,250
1211,250
1211,250
1211,250
1211,250
1211,250
1211,250
1211,250
1211,250
1211,250
1211,250
1211,250
1211,250
1211,250
1211,250
1211,250
1211,250
1211,250
1211,250
1212,250
1212,250
1212,250
1212,250
1212,250
1212,250
1212,250
1212,250
1212,250
1212,250
1212,250
1212,250
1212,250
1212,250
1212,250
1212,250
1212,250
1212,250
1212,250
1212,250
1212,250
1212,250
1212,250
1212,250
1212,250
1212,250
1212,250
1212,250
1212,250
1212,250
1212,250
1212,250
1212,250
1212,250
1212,250
1212,250
1212,250
1212,250
1212,250
1212,250
1212,250
1212,250
1212,250
1213,250
1213,250
1213,250
1213,250
1213,250
1213,250
1213,250
1213,250
1213,250
1213,250
1213,250
1213,250
1213,250
1213,250
1213,250
1213,250
1213,250
1213,250
1213,250
1213,250
1213,250
1213,250
1213,250
1213,250
1213,250
1213,250
1213,250
1213,250
1213,250
1213,250
1213,250
1213,250
1213,250
1213,250
1213,250
1213,250
1213,250
1213,250
1213,250
1213,250
1213,250
1213,250
1213,250
1213,250
1214,250
1214,250
1214,250
1214,250
1214,250
1214,250
1214,250
1214,250
1214,250
1214,250
1214,250
1214,250
1214,250
1214,250
1214,250
1214,250
1214,250
1214,250
1214,250
1214,250
1214,250
1214,250
1214,250
1214,250
1214,250
1214,250
1214,250
1214,250
1214,250
1214,250
1214,250
1214,250
1214,250
1214,250
1214,250
1214,250
1214,250
1214,250
1214,250
1214,250
1214,250
1214,250
1214,250
1215,250
1215,250
1215,250
1215,250
1215,250
1215,250
1215,250
1215,250
1215,250
1215,250
1215,250
1215,250
1215,250
1215,250
1215,250
1215,250
1215,250
1215,250
1215,250
1215,250
1215,250
1215,250
1215,250
1215,250
1215,250
1215,250
1215,250
1215,250
1215,250
1215,250
1215,250
1215,250
1215,250
1215,250
1215,250
1215,250
1215,250
1215,250
1215,250
1215,250
1215,250
1215,250
1215,250
1216,250
1216,250
1216,250
1216,250
1216,250
1216,250
1216,250
1216,250
1216,250
1216,250
1216,250
1216,250
1216,250
1216,250
1216,250
1216,250
1216,250
1216,250
1216,250
1216,250
1216,250
1216,250
1216,250
1216,250
1216,250
1216,250
1216,250
1216,250
1216,250
1216,250
1216,250
1216,250
1216,250
1216,250
1216,250
1216,250
1216,250
1216,250
1216,250
1216,250
1216,250
1216,250
1216,250
1217,250
1217,250
1217,250
1217,250
1217,250
1217,250
1217,250
1217,250
1217,250
1217,250
1217,250
1217,250
1217,250
1217,250
1217,250
1217,250
1217,250
1217,250
1217,250
1217,250
1217,250
1217,250
1217,250
1217,250
1217,250
1217,250
1217,250
1217,250
1217,250
1217,250
1217,250
1217,250
1217,250
1217,250
1217,250
1217,250
1217,250
1217,250
1217,250
1217,250
1217,250
1217,250
1217,250
1218,250
1218,250
1218,250
1218,250
1218,250
1218,250
1218,250
1218,250
1218,250
1218,250
1218,250
1218,250
1218,250
1218,250
1218,250
1218,250
1218,250
1218,250
1218,250
1218,250
1218,250
1218,250
1218,250
1218,250
1218,250
1218,250
1218,250
1218,250
1218,250
1218,250
1218,250
1218,250
1218,250
1218,250
1218,250
1218,250
1218,250
1218,250
1218,250
1218,250
1218,250
1218,250
1218,250
1219,250
1219,250
1219,250
1219,250
1219,250
1219,250
1219,250
1219,250
1219,250
1219,250
1219,250
1219,250
1219,250
1219,250
1219,250
1219,250
1219,250
1219,250
1219,250
1219,250
1219,250
1219,250
1219,250
1219,250
1219,250
1219,250
1219,250
1219,250
1219,250
1219,250
1219,250
1219,250
1219,250
1219,250
1219,250
1219,250
1219,250
1219,250
1219,250
1219,250
1219,250
1219,250
1219,250
1220,250
1220,250
1220,250
1220,250
1220,250
1220,250
1220,250
1220,250
1220,250
1220,250
1220,250
1220,250
1220,250
1220,250
1220,250
1220,250
1220,250
1220,250
1220,250
1220,250
1220,250
1220,250
1220,250
1220,250
1220,250
1220,250
1220,250
1220,250
1220,250
1220,250
1220,250
1220,250
1220,250
1220,250
1220,250
1220,250
1220,250
1220,250
1220,250
1220,250
1220,250
1221,250
1221,250
1221,250
1221,250
1221,250
1221,250
1221,250
1221,250
1221,250
1221,250
1221,250
1221,250
1221,250
1221,250
1221,250
1221,250
1221,250
1221,250
1221,250
1221,250
1221,250
1221,250
1221,250
1221,250
1221,250
1221,250
1221,250
1221,250
1221,250
1221,250
1221,250
1221,250
1221,250
1221,250
1221,250
1221,250
1221,250
1221,250
1221,250
1221,250
1221,250
1221,250
1221,250
1222,250
1222,250
1222,250
1222,250
1222,250
1222,250
1222,250
1222,250
1222,250
1222,250
1222,250
1222,250
1222,250
1222,250
1222,250
1222,250
1222,250
1222,250
1222,250
1222,250
1222,250
1222,250
1222,250
1222,250
1222,250
1222,250
1222,250
1222,250
1222,250
1222,250
1222,250
1222,250
1222,250
1222,250
1222,250
1222,250
1222,250
1222,250
1222,250
1222,250
1222,250
1222,250
1222,250
1222,250
1223,250
1223,250
1223,250
1223,250
1223,250
1223,250
1223,250
1223,250
1223,250
1223,250
1223,250
1223,250
1223,250
1223,250
1223,250
1223,250
1223,250
1223,250
1223,250
1223,250
1223,250
1223,250
1223,250
1223,250
1223,250
1223,250
1223,250
1223,250
1223,250
1223,250
1223,250
1223,250
1223,250
1223,250
1223,250
1223,250
1223,250
1223,250
1223,250
1223,250
1223,250
1223,250
1224,250
1224,250
1224,250
1224,250
1224,250
1224,250
1224,250
1224,250
1224,250
1224,250
1224,250
1224,250
1224,250
1224,250
1224,250
1224,250
1224,250
1224,250
1224,250
1224,250
1224,250
1224,250
1224,250
1224,250
1224,250
1224,250
1224,250
1224,250
1224,250
1224,250
1224,250
1224,250
1224,250
1224,250
1224,250
1224,250
1224,250
1224,250
1224,250
1224,250
1224,250
1225,250
1225,250
1225,250
1225,250
1225,250
1225,250
1225,250
1225,250
1225,250
1225,250
1225,250
1225,250
1225,250
1225,250
1225,250
1225,250
1225,250
1225,250
1225,250
1225,250
1225,250
1225,250
1225,250
1225,250
1225,250
1225,250
1225,250
1225,250
1225,250
1225,250
1225,250
1225,250
1225,250
1225,250
1225,250
1225,250
1225,250
1225,250
1225,250
1225,250
1225,250
1225,250
1225,250
1226,250
1226,250
1226,250
1226,250
1226,250
1226,250
1226,250
1226,250
1226,250
1226,250
1226,250
1226,250
1226,250
1226,250
1226,250
1226,250
1226,250
1226,250
1226,250
1226,250
1226,250
1226,250
1226,250
1226,250
1226,250
1226,250
1226,250
1226,250
1226,250
1226,250
1226,250
1226,250
1226,250
1226,250
1226,250
1226,250
1226,250
1226,250
1226,250
1226,250
1226,250
1226,250
1226,250
1226,250
1227,250
1227,250
1227,250
1227,250
1227,250
1227,250
1227,250
1227,250
1227,250
1227,250
1227,250
1227,250
1227,250
1227,250
1227,250
1227,250
1227,250
1227,250
1227,250
1227,250
1227,250
1227,250
1227,250
1227,250
1227,250
1227,250
1227,250
1227,250
1227,250
1227,250
1227,250
1227,250
1227,250
1227,250
1227,250
1227,250
1227,250
1227,250
1227,250
1227,250
1227,250
1227,250
1228,250
1228,250
1228,250
1228,250
1228,250
1228,250
1228,250
1228,250
1228,250
1228,250
1228,250
1228,250
1228,250
1228,250
1228,250
1228,250
1228,250
1228,250
1228,250
1228,250
1228,250
1228,250
1228,250
1228,250
1228,250
1228,250
1228,250
1228,250
1228,250
1228,250
1228,250
1228,250
1228,250
1228,250
1228,250
1228,250
1228,250
1228,250
1228,250
1228,250
1228,250
1228,250
1228,250
1228,250
1229,250
1229,250
1229,250
1229,250
1229,250
1229,250
1229,250
1229,250
1229,250
1229,250
1229,250
1229,250
1229,250
1229,250
1229,250
1229,250
1229,250
1229,250
1229,250
1229,250
1229,250
1229,250
1229,250
1229,250
1229,250
1229,250
1229,250
1229,250
1229,250
1229,250
1229,250
1229,250
1229,250
1229,250
1229,250
1229,250
1229,250
1229,250
1229,250
1229,250
1229,250
1229,250
1229,250
1229,250
1230,250
1230,250
1230,250
1230,250
1230,250
1230,250
1230,250
1230,250
1230,250
1230,250
1230,250
1230,250
1230,250
1230,250
1230,250
1230,250
1230,250
1230,250
1230,250
1230,250
1230,250
1230,250
1230,250
1230,250
1230,250
1230,250
1230,250
1230,250
1230,250
1230,250
1230,250
1230,250
1230,250
1230,250
1230,250
1230,250
1230,250
1230,250
1230,250
1230,250
1230,250
1230,250
1230,250
1230,250
1231,250
1231,250
1231,250
1231,250
1231,250
1231,250
1231,250
1231,250
1231,250
1231,250
1231,250
1231,250
1231,250
1231,250
1231,250
1231,250
1231,250
1231,250
1231,250
1231,250
1231,250
1231,250
1231,250
1231,250
1231,250
1231,250
1231,250
1231,250
1231,250
1231,250
1231,250
1231,250
1231,250
1231,250
1231,250
1231,250
1231,250
1231,250
1231,250
1231,250
1231,250
1231,250
1231,250
1232,250
1232,250
1232,250
1232,250
1232,250
1232,250
1232,250
1232,250
1232,250
1232,250
1232,250
1232,250
1232,250
1232,250
1232,250
1232,250
1232,250
1232,250
1232,250
1232,250
1232,250
1232,250
1232,250
1232,250
1232,250
1232,250
1232,250
1232,250
1232,250
1232,250
1232,250
1232,250
1232,250
1232,250
1232,250
1232,250
1232,250
1232,250
1232,250
1232,250
1232,250
1232,250
1232,250
1233,250
1233,250
1233,250
1233,250
1233,250
1233,250
1233,250
1233,250
1233,250
1233,250
1233,250
1233,250
1233,250
1233,250
1233,250
1233,250
1233,250
1233,250
1233,250
1233,250
1233,250
1233,250
1233,250
1233,250
1233,250
1233,250
1233,250
1233,250
1233,250
1233,250
1233,250
1233,250
1233,250
1233,250
1233,250
1233,250
1233,250
1233,250
1233,250
1233,250
1233,250
1233,250
1233,250
1233,250
1234,250
1234,250
1234,250
1234,250
1234,250
1234,250
1234,250
1234,250
1234,250
1234,250
1234,250
1234,250
1234,250
1234,250
1234,250
1234,250
1234,250
1234,250
1234,250
1234,250
1234,250
1234,250
1234,250
1234,250
1234,250
1234,250
1234,250
1234,250
1234,250
1234,250
1234,250
1234,250
1234,250
1234,250
1234,250
1234,250
1234,250
1234,250
1234,250
1234,250
1234,250
1234,250
1234,250
1235,250
1235,250
1235,250
1235,250
1235,250
1235,250
1235,250
1235,250
1235,250
1235,250
1235,250
1235,250
1235,250
1235,250
1235,250
1235,250
1235,250
1235,250
1235,250
1235,250
1235,250
1235,250
1235,250
1235,250
1235,250
1235,250
1235,250
1235,250
1235,250
1235,250
1235,250
1235,250
1235,250
1235,250
1235,250
1235,250
1235,250
1235,250
1235,250
1235,250
1235,250
1235,250
1235,250
1236,250
1236,250
1236,250
1236,250
1236,250
1236,250
1236,250
1236,250
1236,250
1236,250
1236,250
1236,250
1236,250
1236,250
1236,250
1236,250
1236,250
1236,250
1236,250
1236,250
1236,250
1236,250
1236,250
1236,250
1236,250
1236,250
1236,250
1236,250
1236,250
1236,250
1236,250
1236,250
1236,250
1236,250
1236,250
1236,250
1236,250
1236,250
1236,250
1236,250
1236,250
1236,250
1236,250
1237,250
1237,250
1237,250
1237,250
1237,250
1237,250
1237,250
1237,250
1237,250
1237,250
1237,250
1237,250
1237,250
1237,250
1237,250
1237,250
1237,250
1237,250
1237,250
1237,250
1237,250
1237,250
1237,250
1237,250
1237,250
1237,250
1237,250
1237,250
1237,250
1237,250
1237,250
1237,250
1237,250
1237,250
1237,250
1237,250
1237,250
1237,250
1237,250
1237,250
1237,250
1237,250
1237,250
1238,250
1238,250
1238,250
1238,250
1238,250
1238,250
1238,250
1238,250
1238,250
1238,250
1238,250
1238,250
1238,250
1238,250
1238,250
1238,250
1238,250
1238,250
1238,250
1238,250
1238,250
1238,250
1238,250
1238,250
1238,250
1238,250
1238,250
1238,250
1238,250
1238,250
1238,250
1238,250
1238,250
1238,250
1238,250
1238,250
1238,250
1238,250
1238,250
1238,250
1238,250
1238,250
1238,250
1239,250
1239,250
1239,250
1239,250
1239,250
1239,250
1239,250
1239,250
1239,250
1239,250
1239,250
1239,250
1239,250
1239,250
1239,250
1239,250
1239,250
1239,250
1239,250
1239,250
1239,250
1239,250
1239,250
1239,250
1239,250
1239,250
1239,250
1239,250
1239,250
1239,250
1239,250
1239,250
1239,250
1239,250
1239,250
1239,250
1239,250
1239,250
1239,250
1239,250
1239,250
1239,250
1239,250
1240,250
1240,250
1240,250
1240,250
1240,250
1240,250
1240,250
1240,250
1240,250
1240,250
1240,250
1240,250
1240,250
1240,250
1240,250
1240,250
1240,250
1240,250
1240,250
1240,250
1240,250
1240,250
1240,250
1240,250
1240,250
1240,250
1240,250
1240,250
1240,250
1240,250
1240,250
1240,250
1240,250
1240,250
1240,250
1240,250
1240,250
1240,250
1240,250
1240,250
1240,250
1240,250
1241,250
1241,250
1241,250
1241,250
1241,250
1241,250
1241,250
1241,250
1241,250
1241,250
1241,250
1241,250
1241,250
1241,250
1241,250
1241,250
1241,250
1241,250
1241,250
1241,250
1241,250
1241,250
1241,250
1241,250
1241,250
1241,250
1241,250
1241,250
1241,250
1241,250
1241,250
1241,250
1241,250
1241,250
1241,250
1241,250
1241,250
1241,250
1241,250
1241,250
1241,250
1241,250
1241,250
1242,250
1242,250
1242,250
1242,250
1242,250
1242,250
1242,250
1242,250
1242,250
1242,250
1242,250
1242,250
1242,250
1242,250
1242,250
1242,250
1242,250
1242,250
1242,250
1242,250
1242,250
1242,250
1242,250
1242,250
1242,250
1242,250
1242,250
1242,250
1242,250
1242,250
1242,250
1242,250
1242,250
1242,250
1242,250
1242,250
1242,250
1242,250
1242,250
1242,250
1242,250
1242,250
1242,250
1242,250
1243,250
1243,250
1243,250
1243,250
1243,250
1243,250
1243,250
1243,250
1243,250
1243,250
1243,250
1243,250
1243,250
1243,250
1243,250
1243,250
1243,250
1243,250
1243,250
1243,250
1243,250
1243,250
1243,250
1243,250
1243,250
1243,250
1243,250
1243,250
1243,250
1243,250
1243,250
1243,250
1243,250
1243,250
1243,250
1243,250
1243,250
1243,250
1243,250
1243,250
1243,250
1243,250
1243,250
1244,250
1244,250
1244,250
1244,250
1244,250
1244,250
1244,250
1244,250
1244,250
1244,250
1244,250
1244,250
1244,250
1244,250
1244,250
1244,250
1244,250
1244,250
1244,250
1244,250
1244,250
1244,250
1244,250
1244,250
1244,250
1244,250
1244,250
1244,250
1244,250
1244,250
1244,250
1244,250
1244,250
1244,250
1244,250
1244,250
1244,250
1244,250
1244,250
1244,250
1244,250
1244,250
1244,250
1244,250
1245,250
1245,250
1245,250
1245,250
1245,250
1245,250
1245,250
1245,250
1245,250
1245,250
1245,250
1245,250
1245,250
1245,250
1245,250
1245,250
1245,250
1245,250
1245,250
1245,250
1245,250
1245,250
1245,250
1245,250
1245,250
1245,250
1245,250
1245,250
1245,250
1245,250
1245,250
1245,250
1245,250
1245,250
1245,250
1245,250
1245,250
1245,250
1245,250
1245,250
1245,250
1245,250
1245,250
1245,250
1246,250
1246,250
1246,250
1246,250
1246,250
1246,250
1246,250
1246,250
1246,250
1246,250
1246,250
1246,250
1246,250
1246,250
1246,250
1246,250
1246,250
1246,250
1246,250
1246,250
1246,250
1246,250
1246,250
1246,250
1246,250
1246,250
1246,250
1246,250
1246,250
1246,250
1246,250
1246,250
1246,250
1246,250
1246,250
1246,250
1246,250
1246,250
1246,250
1246,250
1246,250
1246,250
1246,250
1247,250
1247,250
1247,250
1247,250
1247,250
1247,250
1247,250
1247,250
1247,250
1247,250
1247,250
1247,250
1247,250
1247,250
1247,250
1247,250
1247,250
1247,250
1247,250
1247,250
1247,250
1247,250
1247,250
1247,250
1247,250
1247,250
1247,250
1247,250
1247,250
1247,250
1247,250
1247,250
1247,250
1247,250
1247,250
1247,250
1247,250
1247,250
1247,250
1247,250
1247,250
1247,250
1247,250
1248,250
1248,250
1248,250
1248,250
1248,250
1248,250
1248,250
1248,250
1248,250
1248,250
1248,250
1248,250
1248,250
1248,250
1248,250
1248,250
1248,250
1248,250
1248,250
1248,250
1248,250
1248,250
1248,250
1248,250
1248,250
1248,250
1248,250
1248,250
1248,250
1248,250
1248,250
1248,250
1248,250
1248,250
1248,250
1248,250
1248,250
1248,250
1248,250
1248,250
1248,250
1248,250
1248,250
1248,250
1249,250
1249,250
1249,250
1249,250
1249,250
1249,250
1249,250
1249,250
1249,250
1249,250
1249,250
1249,250
1249,250
1249,250
1249,250
1249,250
1249,250
1249,250
1249,250
1249,250
1249,250
1249,250
1249,250
1249,250
1249,250
1249,250
1249,250
1249,250
1249,250
1249,250
1249,250
1249,250
1249,250
1249,250
1249,250
1249,250
1249,250
1249,250
1249,250
1249,250
1249,250
1249,250
1249,250
1249,250
1250,250
1250,250
1250,250
1250,250
1250,250
1250,250
1250,250
1250,250
1250,250
1250,250
1250,250
1250,250
1250,250
1250,250
1250,250
1250,250
1250,250
1250,250
1250,250
1250,250
1250,250
1250,250
1250,250
1250,250
1250,250
1250,250
1250,250
1250,250
1250,250
1250,250
1250,250
1250,250
1250,250
1250,250
1250,250
1250,250
1250,250
1250,250
1250,250
1250,250
1250,250
1250,250
1250,250
1250,250
1251,250
1251,250
1251,250
1251,250
1251,250
1251,250
1251,250
1251,250
1251,250
1251,250
1251,250
1251,250
1251,250
1251,250
1251,250
1251,250
1251,250
1251,250
1251,250
1251,250
1251,250
1251,250
1251,250
1251,250
1251,250
1251,250
1251,250
1251,250
1251,250
1251,250
1251,250
1251,250
1251,250
1251,250
1251,250
1251,250
1251,250
1251,250
1251,250
1251,250
1251,250
1251,250
1251,250
1252,250
1252,250
1252,250
1252,250
1252,250
1252,250
1252,250
1252,250
1252,250
1252,250
1252,250
1252,250
1252,250
1252,250
1252,250
1252,250
1252,250
1252,250
1252,250
1252,250
1252,250
1252,250
1252,250
1252,250
1252,250
1252,250
1252,250
1252,250
1252,250
1252,250
1252,250
1252,250
1252,250
1252,250
1252,250
1252,250
1252,250
1252,250
1252,250
1252,250
1252,250
1252,250
1252,250
1253,250
1253,250
1253,250
1253,250
1253,250
1253,250
1253,250
1253,250
1253,250
1253,250
1253,250
1253,250
1253,250
1253,250
1253,250
1253,250
1253,250
1253,250
1253,250
1253,250
1253,250
1253,250
1253,250
1253,250
1253,250
1253,250
1253,250
1253,250
1253,250
1253,250
1253,250
1253,250
1253,250
1253,250
1253,250
1253,250
1253,250
1253,250
1253,250
1253,250
1253,250
1253,250
1253,250
1253,250
1253,250
1254,250
1254,250
1254,250
1254,250
1254,250
1254,250
1254,250
1254,250
1254,250
1254,250
1254,250
1254,250
1254,250
1254,250
1254,250
1254,250
1254,250
1254,250
1254,250
1254,250
1254,250
1254,250
1254,250
1254,250
1254,250
1254,250
1254,250
1254,250
1254,250
1254,250
1254,250
1254,250
1254,250
1254,250
1254,250
1254,250
1254,250
1254,250
1254,250
1254,250
1254,250
1254,250
1254,250
1254,250
1255,250
1255,250
1255,250
1255,250
1255,250
1255,250
1255,250
1255,250
1255,250
1255,250
1255,250
1255,250
1255,250
1255,250
1255,250
1255,250
1255,250
1255,250
1255,250
1255,250
1255,250
1255,250
1255,250
1255,250
1255,250
1255,250
1255,250
1255,250
1255,250
1255,250
1255,250
1255,250
1255,250
1255,250
1255,250
1255,250
1255,250
1255,250
1255,250
1255,250
1255,250
1255,250
1255,250
1256,250
1256,250
1256,250
1256,250
1256,250
1256,250
1256,250
1256,250
1256,250
1256,250
1256,250
1256,250
1256,250
1256,250
1256,250
1256,250
1256,250
1256,250
1256,250
1256,250
1256,250
1256,250
1256,250
1256,250
1256,250
1256,250
1256,250
1256,250
1256,250
1256,250
1256,250
1256,250
1256,250
1256,250
1256,250
1256,250
1256,250
1256,250
1256,250
1256,250
1256,250
1256,250
1256,250
1256,250
1257,250
1257,250
1257,250
1257,250
1257,250
1257,250
1257,250
1257,250
1257,250
1257,250
1257,250
1257,250
1257,250
1257,250
1257,250
1257,250
1257,250
1257,250
1257,250
1257,250
1257,250
1257,250
1257,250
1257,250
1257,250
1257,250
1257,250
1257,250
1257,250
1257,250
1257,250
1257,250
1257,250
1257,250
1257,250
1257,250
1257,250
1257,250
1257,250
1257,250
1257,250
1257,250
1257,250
1257,250
1258,250
1258,250
1258,250
1258,250
1258,250
1258,250
1258,250
1258,250
1258,250
1258,250
1258,250
1258,250
1258,250
1258,250
1258,250
1258,250
1258,250
1258,250
1258,250
1258,250
1258,250
1258,250
1258,250
1258,250
1258,250
1258,250
1258,250
1258,250
1258,250
1258,250
1258,250
1258,250
1258,250
1258,250
1258,250
1258,250
1258,250
1258,250
1258,250
1258,250
1258,250
1258,250
1258,250
1259,250
1259,250
1259,250
1259,250
1259,250
1259,250
1259,250
1259,250
1259,250
1259,250
1259,250
1259,250
1259,250
1259,250
1259,250
1259,250
1259,250
1259,250
1259,250
1259,250
1259,250
1259,250
1259,250
1259,250
1259,250
1259,250
1259,250
1259,250
1259,250
1259,250
1259,250
1259,250
1259,250
1259,250
1259,250
1259,250
1259,250
1259,250
1259,250
1259,250
1259,250
1259,250
1259,250
1259,250
1260,250
1260,250
1260,250
1260,250
1260,250
1260,250
1260,250
1260,250
1260,250
1260,250
1260,250
1260,250
1260,250
1260,250
1260,250
1260,250
1260,250
1260,250
1260,250
1260,250
1260,250
1260,250
1260,250
1260,250
1260,250
1260,250
1260,250
1260,250
1260,250
1260,250
1260,250
1260,250
1260,250
1260,250
1260,250
1260,250
1260,250
1260,250
1260,250
1260,250
1260,250
1260,250
1260,250
1260,250
1261,250
1261,250
1261,250
1261,250
1261,250
1261,250
1261,250
1261,250
1261,250
1261,250
1261,250
1261,250
1261,250
1261,250
1261,250
1261,250
1261,250
1261,250
1261,250
1261,250
1261,250
1261,250
1261,250
1261,250
1261,250
1261,250
1261,250
1261,250
1261,250
1261,250
1261,250
1261,250
1261,250
1261,250
1261,250
1261,250
1261,250
1261,250
1261,250
1261,250
1261,250
1261,250
1261,250
1262,250
1262,250
1262,250
1262,250
1262,250
1262,250
1262,250
1262,250
1262,250
1262,250
1262,250
1262,250
1262,250
1262,250
1262,250
1262,250
1262,250
1262,250
1262,250
1262,250
1262,250
1262,250
1262,250
1262,250
1262,250
1262,250
1262,250
1262,250
1262,250
1262,250
1262,250
1262,250
1262,250
1262,250
1262,250
1262,250
1262,250
1262,250
1262,250
1262,250
1262,250
1262,250
1262,250
1263,250
1263,250
1263,250
1263,250
1263,250
1263,250
1263,250
1263,250
1263,250
1263,250
1263,250
1263,250
1263,250
1263,250
1263,250
1263,250
1263,250
1263,250
1263,250
1263,250
1263,250
1263,250
1263,250
1263,250
1263,250
1263,250
1263,250
1263,250
1263,250
1263,250
1263,250
1263,250
1263,250
1263,250
1263,250
1263,250
1263,250
1263,250
1263,250
1263,250
1263,250
1263,250
1263,250
1263,250
1264,250
1264,250
1264,250
1264,250
1264,250
1264,250
1264,250
1264,250
1264,250
1264,250
1264,250
1264,250
1264,250
1264,250
1264,250
1264,250
1264,250
1264,250
1264,250
1264,250
1264,250
1264,250
1264,250
1264,250
1264,250
1264,250
1264,250
1264,250
1264,250
1264,250
1264,250
1264,250
1264,250
1264,250
1264,250
1264,250
1264,250
1264,250
1264,250
1264,250
1264,250
1264,250
1265,250
1265,250
1265,250
1265,250
1265,250
1265,250
1265,250
1265,250
1265,250
1265,250
1265,250
1265,250
1265,250
1265,250
1265,250
1265,250
1265,250
1265,250
1265,250
1265,250
1265,250
1265,250
1265,250
1265,250
1265,250
1265,250
1265,250
1265,250
1265,250
1265,250
1265,250
1265,250
1265,250
1265,250
1265,250
1265,250
1265,250
1265,250
1265,250
1265,250
1265,250
1265,250
1265,250
1266,250
1266,250
1266,250
1266,250
1266,250
1266,250
1266,250
1266,250
1266,250
1266,250
1266,250
1266,250
1266,250
1266,250
1266,250
1266,250
1266,250
1266,250
1266,250
1266,250
1266,250
1266,250
1266,250
1266,250
1266,250
1266,250
1266,250
1266,250
1266,250
1266,250
1266,250
1266,250
1266,250
1266,250
1266,250
1266,250
1266,250
1266,250
1266,250
1266,250
1266,250
1266,250
1267,250
1267,250
1267,250
1267,250
1267,250
1267,250
1267,250
1267,250
1267,250
1267,250
1267,250
1267,250
1267,250
1267,250
1267,250
1267,250
1267,250
1267,250
1267,250
1267,250
1267,250
1267,250
1267,250
1267,250
1267,250
1267,250
1267,250
1267,250
1267,250
1267,250
1267,250
1267,250
1267,250
1267,250
1267,250
1267,250
1267,250
1267,250
1267,250
1267,250
1267,250
1267,250
1267,250
1268,250
1268,250
1268,250
1268,250
1268,250
1268,250
1268,250
1268,250
1268,250
1268,250
1268,250
1268,250
1268,250
1268,250
1268,250
1268,250
1268,250
1268,250
1268,250
1268,250
1268,250
1268,250
1268,250
1268,250
1268,250
1268,250
1268,250
1268,250
1268,250
1268,250
1268,250
1268,250
1268,250
1268,250
1268,250
1268,250
1268,250
1268,250
1268,250
1268,250
1268,250
1268,250
1268,250
1269,250
1269,250
1269,250
1269,250
1269,250
1269,250
1269,250
1269,250
1269,250
1269,250
1269,250
1269,250
1269,250
1269,250
1269,250
1269,250
1269,250
1269,250
1269,250
1269,250
1269,250
1269,250
1269,250
1269,250
1269,250
1269,250
1269,250
1269,250
1269,250
1269,250
1269,250
1269,250
1269,250
1269,250
1269,250
1269,250
1269,250
1269,250
1269,250
1269,250
1269,250
1269,250
1270,250
1270,250
1270,250
1270,250
1270,250
1270,250
1270,250
1270,250
1270,250
1270,250
1270,250
1270,250
1270,250
1270,250
1270,250
1270,250
1270,250
1270,250
1270,250
1270,250
1270,250
1270,250
1270,250
1270,250
1270,250
1270,250
1270,250
1270,250
1270,250
1270,250
1270,250
1270,250
1270,250
1270,250
1270,250
1270,250
1270,250
1270,250
1270,250
1270,250
1270,250
1270,250
1271,250
1271,250
1271,250
1271,250
1271,250
1271,250
1271,250
1271,250
1271,250
1271,250
1271,250
1271,250
1271,250
1271,250
1271,250
1271,250
1271,250
1271,250
1271,250
1271,250
1271,250
1271,250
1271,250
1271,250
1271,250
1271,250
1271,250
1271,250
1271,250
1271,250
1271,250
1271,250
1271,250
1271,250
1271,250
1271,250
1271,250
1271,250
1271,250
1271,250
1271,250
1272,250
1272,250
1272,250
1272,250
1272,250
1272,250
1272,250
1272,250
1272,250
1272,250
1272,250
1272,250
1272,250
1272,250
1272,250
1272,250
1272,250
1272,250
1272,250
1272,250
1272,250
1272,250
1272,250
1272,250
1272,250
1272,250
1272,250
1272,250
1272,250
1272,250
1272,250
1272,250
1272,250
1272,250
1272,250
1272,250
1272,250
1272,250
1272,250
1272,250
1273,250
1273,250
1273,250
1273,250
1273,250
1273,250
1273,250
1273,250
1273,250
1273,250
1273,250
1273,250
1273,250
1273,250
1273,250
1273,250
1273,250
1273,250
1273,250
1273,250
1273,250
1273,250
1273,250
1273,250
1273,250
1273,250
1273,250
1273,250
1273,250
1273,250
1273,250
1273,250
1273,250
1273,250
1273,250
1273,250
1273,250
1273,250
1273,250
1273,250
1273,250
1273,250
1273,250
1274,250
1274,250
1274,250
1274,250
1274,250
1274,250
1274,250
1274,250
1274,250
1274,250
1274,250
1274,250
1274,250
1274,250
1274,250
1274,250
1274,250
1274,250
1274,250
1274,250
1274,250
1274,250
1274,250
1274,250
1274,250
1274,250
1274,250
1274,250
1274,250
1274,250
1274,250
1274,250
1274,250
1274,250
1274,250
1274,250
1274,250
1274,250
1274,250
1274,250
1274,250
1274,250
1274,250
1275,250
1275,250
1275,250
1275,250
1275,250
1275,250
1275,250
1275,250
1275,250
1275,250
1275,250
1275,250
1275,250
1275,250
1275,250
1275,250
1275,250
1275,250
1275,250
1275,250
1275,250
1275,250
1275,250
1275,250
1275,250
1275,250
1275,250
1275,250
1275,250
1275,250
1275,250
1275,250
1275,250
1275,250
1275,250
1275,250
1275,250
1275,250
1275,250
1275,250
1275,250
1275,250
1275,250
1276,250
1276,250
1276,250
1276,250
1276,250
1276,250
1276,250
1276,250
1276,250
1276,250
1276,250
1276,250
1276,250
1276,250
1276,250
1276,250
1276,250
1276,250
1276,250
1276,250
1276,250
1276,250
1276,250
1276,250
1276,250
1276,250
1276,250
1276,250
1276,250
1276,250
1276,250
1276,250
1276,250
1276,250
1276,250
1276,250
1276,250
1276,250
1276,250
1276,250
1276,250
1277,250
1277,250
1277,250
1277,250
1277,250
1277,250
1277,250
1277,250
1277,250
1277,250
1277,250
1277,250
1277,250
1277,250
1277,250
1277,250
1277,250
1277,250
1277,250
1277,250
1277,250
1277,250
1277,250
1277,250
1277,250
1277,250
1277,250
1277,250
1277,250
1277,250
1277,250
1277,250
1277,250
1277,250
1277,250
1277,250
1277,250
1277,250
1277,250
1277,250
1277,250
1277,250
1277,250
1278,250
1278,250
1278,250
1278,250
1278,250
1278,250
1278,250
1278,250
1278,250
1278,250
1278,250
1278,250
1278,250
1278,250
1278,250
1278,250
1278,250
1278,250
1278,250
1278,250
1278,250
1278,250
1278,250
1278,250
1278,250
1278,250
1278,250
1278,250
1278,250
1278,250
1278,250
1278,250
1278,250
1278,250
1278,250
1278,250
1278,250
1278,250
1278,250
1278,250
1278,250
1278,250
1279,250
1279,250
1279,250
1279,250
1279,250
1279,250
1279,250
1279,250
1279,250
1279,250
1279,250
1279,250
1279,250
1279,250
1279,250
1279,250
1279,250
1279,250
1279,250
1279,250
1279,250
1279,250
1279,250
1279,250
1279,250
1279,250
1279,250
1279,250
1279,250
1279,250
1279,250
1279,250
1279,250
1279,250
1279,250
1279,250
1279,250
1279,250
1279,250
1279,250
1279,250
1279,250
1280,250
1280,250
1280,250
1280,250
1280,250
1280,250
1280,250
1280,250
1280,250
1280,250
1280,250
1280,250
1280,250
1280,250
1280,250
1280,250
1280,250
1280,250
1280,250
1280,250
1280,250
1280,250
1280,250
1280,250
1280,250
1280,250
1280,250
1280,250
1280,250
1280,250
1280,250
1280,250
1280,250
1280,250
1280,250
1280,250
1280,250
1280,250
1280,250
1280,250
1280,250
1281,250
1281,250
1281,250
1281,250
1281,250
1281,250
1281,250
1281,250
1281,250
1281,250
1281,250
1281,250
1281,250
1281,250
1281,250
1281,250
1281,250
1281,250
1281,250
1281,250
1281,250
1281,250
1281,250
1281,250
1281,250
1281,250
1281,250
1281,250
1281,250
1281,250
1281,250
1281,250
1281,250
1281,250
1281,250
1281,250
1281,250
1281,250
1281,250
1281,250
1282,250
1282,250
1282,250
1282,250
1282,250
1282,250
1282,250
1282,250
1282,250
1282,250
1282,250
1282,250
1282,250
1282,250
1282,250
1282,250
1282,250
1282,250
1282,250
1282,250
1282,250
1282,250
1282,250
1282,250
1282,250
1282,250
1282,250
1282,250
1282,250
1282,250
1282,250
1282,250
1282,250
1282,250
1282,250
1282,250
1282,250
1282,250
1282,250
1282,250
1282,250
1282,250
1282,250
1283,250
1283,250
1283,250
1283,250
1283,250
1283,250
1283,250
1283,250
1283,250
1283,250
1283,250
1283,250
1283,250
1283,250
1283,250
1283,250
1283,250
1283,250
1283,250
1283,250
1283,250
1283,250
1283,250
1283,250
1283,250
1283,250
1283,250
1283,250
1283,250
1283,250
1283,250
1283,250
1283,250
1283,250
1283,250
1283,250
1283,250
1283,250
1283,250
1283,250
1284,250
1284,250
1284,250
1284,250
1284,250
1284,250
1284,250
1284,250
1284,250
1284,250
1284,250
1284,250
1284,250
1284,250
1284,250
1284,250
1284,250
1284,250
1284,250
1284,250
1284,250
1284,250
1284,250
1284,250
1284,250
1284,250
1284,250
1284,250
1284,250
1284,250
1284,250
1284,250
1284,250
1284,250
1284,250
1284,250
1284,250
1284,250
1284,250
1285,250
1285,250
1285,250
1285,250
1285,250
1285,250
1285,250
1285,250
1285,250
1285,250
1285,250
1285,250
1285,250
1285,250
1285,250
1285,250
1285,250
1285,250
1285,250
1285,250
1285,250
1285,250
1285,250
1285,250
1285,250
1285,250
1285,250
1285,250
1285,250
1285,250
1285,250
1285,250
1285,250
1285,250
1285,250
1285,250
1285,250
1285,250
1285,250
1286,250
1286,250
1286,250
1286,250
1286,250
1286,250
1286,250
1286,250
1286,250
1286,250
1286,250
1286,250
1286,250
1286,250
1286,250
1286,250
1286,250
1286,250
1286,250
1286,250
1286,250
1286,250
1286,250
1286,250
1286,250
1286,250
1286,250
1286,250
1286,250
1286,250
1286,250
1286,250
1286,250
1286,250
1286,250
1286,250
1286,250
1286,250
1286,250
1286,250
1287,250
1287,250
1287,250
1287,250
1287,250
1287,250
1287,250
1287,250
1287,250
1287,250
1287,250
1287,250
1287,250
1287,250
1287,250
1287,250
1287,250
1287,250
1287,250
1287,250
1287,250
1287,250
1287,250
1287,250
1287,250
1287,250
1287,250
1287,250
1287,250
1287,250
1287,250
1287,250
1287,250
1287,250
1287,250
1287,250
1287,250
1287,250
1287,250
1287,250
1288,250
1288,250
1288,250
1288,250
1288,250
1288,250
1288,250
1288,250
1288,250
1288,250
1288,250
1288,250
1288,250
1288,250
1288,250
1288,250
1288,250
1288,250
1288,250
1288,250
1288,250
1288,250
1288,250
1288,250
1288,250
1288,250
1288,250
1288,250
1288,250
1288,250
1288,250
1288,250
1288,250
1288,250
1288,250
1288,250
1288,250
1288,250
1288,250
1288,250
1289,250
1289,250
1289,250
1289,250
1289,250
1289,250
1289,250
1289,250
1289,250
1289,250
1289,250
1289,250
1289,250
1289,250
1289,250
1289,250
1289,250
1289,250
1289,250
1289,250
1289,250
1289,250
1289,250
1289,250
1289,250
1289,250
1289,250
1289,250
1289,250
1289,250
1289,250
1289,250
1289,250
1289,250
1289,250
1289,250
1289,250
1289,250
1289,250
1289,250
1290,250
1290,250
1290,250
1290,250
1290,250
1290,250
1290,250
1290,250
1290,250
1290,250
1290,250
1290,250
1290,250
1290,250
1290,250
1290,250
1290,250
1290,250
1290,250
1290,250
1290,250
1290,250
1290,250
1290,250
1290,250
1290,250
1290,250
1290,250
1290,250
1290,250
1290,250
1290,250
1290,250
1290,250
1290,250
1290,250
1290,250
1290,250
1290,250
1290,250
1291,250
1291,250
1291,250
1291,250
1291,250
1291,250
1291,250
1291,250
1291,250
1291,250
1291,250
1291,250
1291,250
1291,250
1291,250
1291,250
1291,250
1291,250
1291,250
1291,250
1291,250
1291,250
1291,250
1291,250
1291,250
1291,250
1291,250
1291,250
1291,250
1291,250
1291,250
1291,250
1291,250
1291,250
1291,250
1291,250
1291,250
1291,250
1291,250
1291,250
1291,250
1292,250
1292,250
1292,250
1292,250
1292,250
1292,250
1292,250
1292,250
1292,250
1292,250
1292,250
1292,250
1292,250
1292,250
1292,250
1292,250
1292,250
1292,250
1292,250
1292,250
1292,250
1292,250
1292,250
1292,250
1292,250
1292,250
1292,250
1292,250
1292,250
1292,250
1292,250
1292,250
1292,250
1292,250
1292,250
1292,250
1292,250
1292,250
1292,250
1292,250
1292,250
1293,250
1293,250
1293,250
1293,250
1293,250
1293,250
1293,250
1293,250
1293,250
1293,250
1293,250
1293,250
1293,250
1293,250
1293,250
1293,250
1293,250
1293,250
1293,250
1293,250
1293,250
1293,250
1293,250
1293,250
1293,250
1293,250
1293,250
1293,250
1293,250
1293,250
1293,250
1293,250
1293,250
1293,250
1293,250
1293,250
1293,250
1293,250
1293,250
1293,250
1293,250
1293,250
1294,250
1294,250
1294,250
1294,250
1294,250
1294,250
1294,250
1294,250
1294,250
1294,250
1294,250
1294,250
1294,250
1294,250
1294,250
1294,250
1294,250
1294,250
1294,250
1294,250
1294,250
1294,250
1294,250
1294,250
1294,250
1294,250
1294,250
1294,250
1294,250
1294,250
1294,250
1294,250
1294,250
1294,250
1294,250
1294,250
1294,250
1294,250
1294,250
1294,250
1294,250
1295,250
1295,250
1295,250
1295,250
1295,250
1295,250
1295,250
1295,250
1295,250
1295,250
1295,250
1295,250
1295,250
1295,250
1295,250
1295,250
1295,250
1295,250
1295,250
1295,250
1295,250
1295,250
1295,250
1295,250
1295,250
1295,250
1295,250
1295,250
1295,250
1295,250
1295,250
1295,250
1295,250
1295,250
1295,250
1295,250
1295,250
1295,250
1295,250
1295,250
1295,250
1296,250
1296,250
1296,250
1296,250
1296,250
1296,250
1296,250
1296,250
1296,250
1296,250
1296,250
1296,250
1296,250
1296,250
1296,250
1296,250
1296,250
1296,250
1296,250
1296,250
1296,250
1296,250
1296,250
1296,250
1296,250
1296,250
1296,250
1296,250
1296,250
1296,250
1296,250
1296,250
1296,250
1296,250
1296,250
1296,250
1296,250
1296,250
1296,250
1296,250
1296,250
1297,250
1297,250
1297,250
1297,250
1297,250
1297,250
1297,250
1297,250
1297,250
1297,250
1297,250
1297,250
1297,250
1297,250
1297,250
1297,250
1297,250
1297,250
1297,250
1297,250
1297,250
1297,250
1297,250
1297,250
1297,250
1297,250
1297,250
1297,250
1297,250
1297,250
1297,250
1297,250
1297,250
1297,250
1297,250
1297,250
1297,250
1297,250
1297,250
1297,250
1297,250
1298,250
1298,250
1298,250
1298,250
1298,250
1298,250
1298,250
1298,250
1298,250
1298,250
1298,250
1298,250
1298,250
1298,250
1298,250
1298,250
1298,250
1298,250
1298,250
1298,250
1298,250
1298,250
1298,250
1298,250
1298,250
1298,250
1298,250
1298,250
1298,250
1298,250
1298,250
1298,250
1298,250
1298,250
1298,250
1298,250
1298,250
1298,250
1298,250
1298,250
1299,250
1299,250
1299,250
1299,250
1299,250
1299,250
1299,250
1299,250
1299,250
1299,250
1299,250
1299,250
1299,250
1299,250
1299,250
1299,250
1299,250
1299,250
1299,250
1299,250
1299,250
1299,250
1299,250
1299,250
1299,250
1299,250
1299,250
1299,250
1299,250
1299,250
1299,250
1299,250
1299,250
1299,250
1299,250
1299,250
1299,250
1299,250
1299,250
1299,250
1300,250
1300,250
1300,250
1300,250
1300,250
1300,250
1300,250
1300,250
1300,250
1300,250
1300,250
1300,250
1300,250
1300,250
1300,250
1300,250
1300,250
1300,250
1300,250
1300,250
1300,250
1300,250
1300,250
1300,250
1300,250
1300,250
1300,250
1300,250
1300,250
1300,250
1300,250
1300,250
1300,250
1300,250
1300,250
1300,250
1300,250
1300,250
1300,250
1300,250
1300,250
1300,250
1301,250
1301,250
1301,250
1301,250
1301,250
1301,250
1301,250
1301,250
1301,250
1301,250
1301,250
1301,250
1301,250
1301,250
1301,250
1301,250
1301,250
1301,250
1301,250
1301,250
1301,250
1301,250
1301,250
1301,250
1301,250
1301,250
1301,250
1301,250
1301,250
1301,250
1301,250
1301,250
1301,250
1301,250
1301,250
1301,250
1301,250
1301,250
1301,250
1301,250
1301,250
1301,250
1302,250
1302,250
1302,250
1302,250
1302,250
1302,250
1302,250
1302,250
1302,250
1302,250
1302,250
1302,250
1302,250
1302,250
1302,250
1302,250
1302,250
1302,250
1302,250
1302,250
1302,250
1302,250
1302,250
1302,250
1302,250
1302,250
1302,250
1302,250
1302,250
1302,250
1302,250
1302,250
1302,250
1302,250
1302,250
1302,250
1302,250
1302,250
1302,250
1302,250
1302,250
1302,250
1303,250
1303,250
1303,250
1303,250
1303,250
1303,250
1303,250
1303,250
1303,250
1303,250
1303,250
1303,250
1303,250
1303,250
1303,250
1303,250
1303,250
1303,250
1303,250
1303,250
1303,250
1303,250
1303,250
1303,250
1303,250
1303,250
1303,250
1303,250
1303,250
1303,250
1303,250
1303,250
1303,250
1303,250
1303,250
1303,250
1303,250
1303,250
1303,250
1303,250
1303,250
1303,250
1304,250
1304,250
1304,250
1304,250
1304,250
1304,250
1304,250
1304,250
1304,250
1304,250
1304,250
1304,250
1304,250
1304,250
1304,250
1304,250
1304,250
1304,250
1304,250
1304,250
1304,250
1304,250
1304,250
1304,250
1304,250
1304,250
1304,250
1304,250
1304,250
1304,250
1304,250
1304,250
1304,250
1304,250
1304,250
1304,250
1304,250
1304,250
1304,250
1304,250
1304,250
1304,250
1304,250
1304,250
1305,250
1305,250
1305,250
1305,250
1305,250
1305,250
1305,250
1305,250
1305,250
1305,250
1305,250
1305,250
1305,250
1305,250
1305,250
1305,250
1305,250
1305,250
1305,250
1305,250
1305,250
1305,250
1305,250
1305,250
1305,250
1305,250
1305,250
1305,250
1305,250
1305,250
1305,250
1305,250
1305,250
1305,250
1305,250
1305,250
1305,250
1305,250
1305,250
1305,250
1305,250
1305,250
1305,250
1306,250
1306,250
1306,250
1306,250
1306,250
1306,250
1306,250
1306,250
1306,250
1306,250
1306,250
1306,250
1306,250
1306,250
1306,250
1306,250
1306,250
1306,250
1306,250
1306,250
1306,250
1306,250
1306,250
1306,250
1306,250
1306,250
1306,250
1306,250
1306,250
1306,250
1306,250
1306,250
1306,250
1306,250
1306,250
1306,250
1306,250
1306,250
1306,250
1306,250
1306,250
1306,250
1307,250
1307,250
1307,250
1307,250
1307,250
1307,250
1307,250
1307,250
1307,250
1307,250
1307,250
1307,250
1307,250
1307,250
1307,250
1307,250
1307,250
1307,250
1307,250
1307,250
1307,250
1307,250
1307,250
1307,250
1307,250
1307,250
1307,250
1307,250
1307,250
1307,250
1307,250
1307,250
1307,250
1307,250
1307,250
1307,250
1307,250
1307,250
1307,250
1307,250
1307,250
1307,250
1307,250
1308,250
1308,250
1308,250
1308,250
1308,250
1308,250
1308,250
1308,250
1308,250
1308,250
1308,250
1308,250
1308,250
1308,250
1308,250
1308,250
1308,250
1308,250
1308,250
1308,250
1308,250
1308,250
1308,250
1308,250
1308,250
1308,250
1308,250
1308,250
1308,250
1308,250
1308,250
1308,250
1308,250
1308,250
1308,250
1308,250
1308,250
1308,250
1308,250
1308,250
1308,250
1308,250
1308,250
1308,250
1309,250
1309,250
1309,250
1309,250
1309,250
1309,250
1309,250
1309,250
1309,250
1309,250
1309,250
1309,250
1309,250
1309,250
1309,250
1309,250
1309,250
1309,250
1309,250
1309,250
1309,250
1309,250
1309,250
1309,250
1309,250
1309,250
1309,250
1309,250
1309,250
1309,250
1309,250
1309,250
1309,250
1309,250
1309,250
1309,250
1309,250
1309,250
1309,250
1309,250
1309,250
1309,250
1309,250
1309,250
1310,250
1310,250
1310,250
1310,250
1310,250
1310,250
1310,250
1310,250
1310,250
1310,250
1310,250
1310,250
1310,250
1310,250
1310,250
1310,250
1310,250
1310,250
1310,250
1310,250
1310,250
1310,250
1310,250
1310,250
1310,250
1310,250
1310,250
1310,250
1310,250
1310,250
1310,250
1310,250
1310,250
1310,250
1310,250
1310,250
1310,250
1310,250
1310,250
1310,250
1310,250
1310,250
1310,250
1310,250
1311,250
1311,250
1311,250
1311,250
1311,250
1311,250
1311,250
1311,250
1311,250
1311,250
1311,250
1311,250
1311,250
1311,250
1311,250
1311,250
1311,250
1311,250
1311,250
1311,250
1311,250
1311,250
1311,250
1311,250
1311,250
1311,250
1311,250
1311,250
1311,250
1311,250
1311,250
1311,250
1311,250
1311,250
1311,250
1311,250
1311,250
1311,250
1311,250
1311,250
1311,250
1311,250
1311,250
1311,250
1311,250
1312,250
1312,250
1312,250
1312,250
1312,250
1312,250
1312,250
1312,250
1312,250
1312,250
1312,250
1312,250
1312,250
1312,250
1312,250
1312,250
1312,250
1312,250
1312,250
1312,250
1312,250
1312,250
1312,250
1312,250
1312,250
1312,250
1312,250
1312,250
1312,250
1312,250
1312,250
1312,250
1312,250
1312,250
1312,250
1312,250
1312,250
1312,250
1312,250
1312,250
1312,250
1312,250
1312,250
1312,250
1312,250
1313,250
1313,250
1313,250
1313,250
1313,250
1313,250
1313,250
1313,250
1313,250
1313,250
1313,250
1313,250
1313,250
1313,250
1313,250
1313,250
1313,250
1313,250
1313,250
1313,250
1313,250
1313,250
1313,250
1313,250
1313,250
1313,250
1313,250
1313,250
1313,250
1313,250
1313,250
1313,250
1313,250
1313,250
1313,250
1313,250
1313,250
1313,250
1313,250
1313,250
1313,250
1313,250
1313,250
1314,250
1314,250
1314,250
1314,250
1314,250
1314,250
1314,250
1314,250
1314,250
1314,250
1314,250
1314,250
1314,250
1314,250
1314,250
1314,250
1314,250
1314,250
1314,250
1314,250
1314,250
1314,250
1314,250
1314,250
1314,250
1314,250
1314,250
1314,250
1314,250
1314,250
1314,250
1314,250
1314,250
1314,250
1314,250
1314,250
1314,250
1314,250
1314,250
1314,250
1314,250
1314,250
1314,250
1314,250
1315,250
1315,250
1315,250
1315,250
1315,250
1315,250
1315,250
1315,250
1315,250
1315,250
1315,250
1315,250
1315,250
1315,250
1315,250
1315,250
1315,250
1315,250
1315,250
1315,250
1315,250
1315,250
1315,250
1315,250
1315,250
1315,250
1315,250
1315,250
1315,250
1315,250
1315,250
1315,250
1315,250
1315,250
1315,250
1315,250
1315,250
1315,250
1315,250
1315,250
1315,250
1315,250
1315,250
1316,250
1316,250
1316,250
1316,250
1316,250
1316,250
1316,250
1316,250
1316,250
1316,250
1316,250
1316,250
1316,250
1316,250
1316,250
1316,250
1316,250
1316,250
1316,250
1316,250
1316,250
1316,250
1316,250
1316,250
1316,250
1316,250
1316,250
1316,250
1316,250
1316,250
1316,250
1316,250
1316,250
1316,250
1316,250
1316,250
1316,250
1316,250
1316,250
1316,250
1316,250
1316,250
1317,250
1317,250
1317,250
1317,250
1317,250
1317,250
1317,250
1317,250
1317,250
1317,250
1317,250
1317,250
1317,250
1317,250
1317,250
1317,250
1317,250
1317,250
1317,250
1317,250
1317,250
1317,250
1317,250
1317,250
1317,250
1317,250
1317,250
1317,250
1317,250
1317,250
1317,250
1317,250
1317,250
1317,250
1317,250
1317,250
1317,250
1317,250
1317,250
1317,250
1317,250
1317,250
1318,250
1318,250
1318,250
1318,250
1318,250
1318,250
1318,250
1318,250
1318,250
1318,250
1318,250
1318,250
1318,250
1318,250
1318,250
1318,250
1318,250
1318,250
1318,250
1318,250
1318,250
1318,250
1318,250
1318,250
1318,250
1318,250
1318,250
1318,250
1318,250
1318,250
1318,250
1318,250
1318,250
1318,250
1318,250
1318,250
1318,250
1318,250
1318,250
1318,250
1318,250
1318,250
1318,250
1318,250
1319,250
1319,250
1319,250
1319,250
1319,250
1319,250
1319,250
1319,250
1319,250
1319,250
1319,250
1319,250
1319,250
1319,250
1319,250
1319,250
1319,250
1319,250
1319,250
1319,250
1319,250
1319,250
1319,250
1319,250
1319,250
1319,250
1319,250
1319,250
1319,250
1319,250
1319,250
1319,250
1319,250
1319,250
1319,250
1319,250
1319,250
1319,250
1319,250
1319,250
1319,250
1319,250
1319,250
1319,250
1320,250
1320,250
1320,250
1320,250
1320,250
1320,250
1320,250
1320,250
1320,250
1320,250
1320,250
1320,250
1320,250
1320,250
1320,250
1320,250
1320,250
1320,250
1320,250
1320,250
1320,250
1320,250
1320,250
1320,250
1320,250
1320,250
1320,250
1320,250
1320,250
1320,250
1320,250
1320,250
1320,250
1320,250
1320,250
1320,250
1320,250
1320,250
1320,250
1320,250
1320,250
1320,250
1320,250
1320,250
1320,250
1321,250
1321,250
1321,250
1321,250
1321,250
1321,250
1321,250
1321,250
1321,250
1321,250
1321,250
1321,250
1321,250
1321,250
1321,250
1321,250
1321,250
1321,250
1321,250
1321,250
1321,250
1321,250
1321,250
1321,250
1321,250
1321,250
1321,250
1321,250
1321,250
1321,250
1321,250
1321,250
1321,250
1321,250
1321,250
1321,250
1321,250
1321,250
1321,250
1321,250
1321,250
1321,250
1321,250
1321,250
1322,250
1322,250
1322,250
1322,250
1322,250
1322,250
1322,250
1322,250
1322,250
1322,250
1322,250
1322,250
1322,250
1322,250
1322,250
1322,250
1322,250
1322,250
1322,250
1322,250
1322,250
1322,250
1322,250
1322,250
1322,250
1322,250
1322,250
1322,250
1322,250
1322,250
1322,250
1322,250
1322,250
1322,250
1322,250
1322,250
1322,250
1322,250
1322,250
1322,250
1322,250
1322,250
1322,250
1322,250
1322,250
1323,250
1323,250
1323,250
1323,250
1323,250
1323,250
1323,250
1323,250
1323,250
1323,250
1323,250
1323,250
1323,250
1323,250
1323,250
1323,250
1323,250
1323,250
1323,250
1323,250
1323,250
1323,250
1323,250
1323,250
1323,250
1323,250
1323,250
1323,250
1323,250
1323,250
1323,250
1323,250
1323,250
1323,250
1323,250
1323,250
1323,250
1323,250
1323,250
1323,250
1323,250
1323,250
1323,250
1324,250
1324,250
1324,250
1324,250
1324,250
1324,250
1324,250
1324,250
1324,250
1324,250
1324,250
1324,250
1324,250
1324,250
1324,250
1324,250
1324,250
1324,250
1324,250
1324,250
1324,250
1324,250
1324,250
1324,250
1324,250
1324,250
1324,250
1324,250
1324,250
1324,250
1324,250
1324,250
1324,250
1324,250
1324,250
1324,250
1324,250
1324,250
1324,250
1324,250
1324,250
1324,250
1324,250
1325,250
1325,250
1325,250
1325,250
1325,250
1325,250
1325,250
1325,250
1325,250
1325,250
1325,250
1325,250
1325,250
1325,250
1325,250
1325,250
1325,250
1325,250
1325,250
1325,250
1325,250
1325,250
1325,250
1325,250
1325,250
1325,250
1325,250
1325,250
1325,250
1325,250
1325,250
1325,250
1325,250
1325,250
1325,250
1325,250
1325,250
1325,250
1325,250
1325,250
1325,250
1325,250
1325,250
1325,250
1326,250
1326,250
1326,250
1326,250
1326,250
1326,250
1326,250
1326,250
1326,250
1326,250
1326,250
1326,250
1326,250
1326,250
1326,250
1326,250
1326,250
1326,250
1326,250
1326,250
1326,250
1326,250
1326,250
1326,250
1326,250
1326,250
1326,250
1326,250
1326,250
1326,250
1326,250
1326,250
1326,250
1326,250
1326,250
1326,250
1326,250
1326,250
1326,250
1326,250
1326,250
1326,250
1326,250
1327,250
1327,250
1327,250
1327,250
1327,250
1327,250
1327,250
1327,250
1327,250
1327,250
1327,250
1327,250
1327,250
1327,250
1327,250
1327,250
1327,250
1327,250
1327,250
1327,250
1327,250
1327,250
1327,250
1327,250
1327,250
1327,250
1327,250
1327,250
1327,250
1327,250
1327,250
1327,250
1327,250
1327,250
1327,250
1327,250
1327,250
1327,250
1327,250
1327,250
1327,250
1327,250
1328,250
1328,250
1328,250
1328,250
1328,250
1328,250
1328,250
1328,250
1328,250
1328,250
1328,250
1328,250
1328,250
1328,250
1328,250
1328,250
1328,250
1328,250
1328,250
1328,250
1328,250
1328,250
1328,250
1328,250
1328,250
1328,250
1328,250
1328,250
1328,250
1328,250
1328,250
1328,250
1328,250
1328,250
1328,250
1328,250
1328,250
1328,250
1328,250
1328,250
1328,250
1328,250
1328,250
1329,250
1329,250
1329,250
1329,250
1329,250
1329,250
1329,250
1329,250
1329,250
1329,250
1329,250
1329,250
1329,250
1329,250
1329,250
1329,250
1329,250
1329,250
1329,250
1329,250
1329,250
1329,250
1329,250
1329,250
1329,250
1329,250
1329,250
1329,250
1329,250
1329,250
1329,250
1329,250
1329,250
1329,250
1329,250
1329,250
1329,250
1329,250
1329,250
1329,250
1329,250
1329,250
1329,250
1330,250
1330,250
1330,250
1330,250
1330,250
1330,250
1330,250
1330,250
1330,250
1330,250
1330,250
1330,250
1330,250
1330,250
1330,250
1330,250
1330,250
1330,250
1330,250
1330,250
1330,250
1330,250
1330,250
1330,250
1330,250
1330,250
1330,250
1330,250
1330,250
1330,250
1330,250
1330,250
1330,250
1330,250
1330,250
1330,250
1330,250
1330,250
1330,250
1330,250
1330,250
1331,250
1331,250
1331,250
1331,250
1331,250
1331,250
1331,250
1331,250
1331,250
1331,250
1331,250
1331,250
1331,250
1331,250
1331,250
1331,250
1331,250
1331,250
1331,250
1331,250
1331,250
1331,250
1331,250
1331,250
1331,250
1331,250
1331,250
1331,250
1331,250
1331,250
1331,250
1331,250
1331,250
1331,250
1331,250
1331,250
1331,250
1331,250
1331,250
1331,250
1331,250
1331,250
1332,250
1332,250
1332,250
1332,250
1332,250
1332,250
1332,250
1332,250
1332,250
1332,250
1332,250
1332,250
1332,250
1332,250
1332,250
1332,250
1332,250
1332,250
1332,250
1332,250
1332,250
1332,250
1332,250
1332,250
1332,250
1332,250
1332,250
1332,250
1332,250
1332,250
1332,250
1332,250
1332,250
1332,250
1332,250
1332,250
1332,250
1332,250
1332,250
1332,250
1332,250
1332,250
1333,250
1333,250
1333,250
1333,250
1333,250
1333,250
1333,250
1333,250
1333,250
1333,250
1333,250
1333,250
1333,250
1333,250
1333,250
1333,250
1333,250
1333,250
1333,250
1333,250
1333,250
1333,250
1333,250
1333,250
1333,250
1333,250
1333,250
1333,250
1333,250
1333,250
1333,250
1333,250
1333,250
1333,250
1333,250
1333,250
1333,250
1333,250
1333,250
1333,250
1333,250
1334,250
1334,250
1334,250
1334,250
1334,250
1334,250
1334,250
1334,250
1334,250
1334,250
1334,250
1334,250
1334,250
1334,250
1334,250
1334,250
1334,250
1334,250
1334,250
1334,250
1334,250
1334,250
1334,250
1334,250
1334,250
1334,250
1334,250
1334,250
1334,250
1334,250
1334,250
1334,250
1334,250
1334,250
1334,250
1334,250
1334,250
1334,250
1334,250
1334,250
1334,250
1334,250
1334,250
1335,250
1335,250
1335,250
1335,250
1335,250
1335,250
1335,250
1335,250
1335,250
1335,250
1335,250
1335,250
1335,250
1335,250
1335,250
1335,250
1335,250
1335,250
1335,250
1335,250
1335,250
1335,250
1335,250
1335,250
1335,250
1335,250
1335,250
1335,250
1335,250
1335,250
1335,250
1335,250
1335,250
1335,250
1335,250
1335,250
1335,250
1335,250
1335,250
1335,250
1335,250
1336,250
1336,250
1336,250
1336,250
1336,250
1336,250
1336,250
1336,250
1336,250
1336,250
1336,250
1336,250
1336,250
1336,250
1336,250
1336,250
1336,250
1336,250
1336,250
1336,250
1336,250
1336,250
1336,250
1336,250
1336,250
1336,250
1336,250
1336,250
1336,250
1336,250
1336,250
1336,250
1336,250
1336,250
1336,250
1336,250
1336,250
1336,250
1336,250
1336,250
1336,250
1336,250
1337,250
1337,250
1337,250
1337,250
1337,250
1337,250
1337,250
1337,250
1337,250
1337,250
1337,250
1337,250
1337,250
1337,250
1337,250
1337,250
1337,250
1337,250
1337,250
1337,250
1337,250
1337,250
1337,250
1337,250
1337,250
1337,250
1337,250
1337,250
1337,250
1337,250
1337,250
1337,250
1337,250
1337,250
1337,250
1337,250
1337,250
1337,250
1337,250
1337,250
1337,250
1338,250
1338,250
1338,250
1338,250
1338,250
1338,250
1338,250
1338,250
1338,250
1338,250
1338,250
1338,250
1338,250
1338,250
1338,250
1338,250
1338,250
1338,250
1338,250
1338,250
1338,250
1338,250
1338,250
1338,250
1338,250
1338,250
1338,250
1338,250
1338,250
1338,250
1338,250
1338,250
1338,250
1338,250
1338,250
1338,250
1338,250
1338,250
1338,250
1338,250
1338,250
1338,250
1339,250
1339,250
1339,250
1339,250
1339,250
1339,250
1339,250
1339,250
1339,250
1339,250
1339,250
1339,250
1339,250
1339,250
1339,250
1339,250
1339,250
1339,250
1339,250
1339,250
1339,250
1339,250
1339,250
1339,250
1339,250
1339,250
1339,250
1339,250
1339,250
1339,250
1339,250
1339,250
1339,250
1339,250
1339,250
1339,250
1339,250
1339,250
1339,250
1339,250
1339,250
1339,250
1340,250
1340,250
1340,250
1340,250
1340,250
1340,250
1340,250
1340,250
1340,250
1340,250
1340,250
1340,250
1340,250
1340,250
1340,250
1340,250
1340,250
1340,250
1340,250
1340,250
1340,250
1340,250
1340,250
1340,250
1340,250
1340,250
1340,250
1340,250
1340,250
1340,250
1340,250
1340,250
1340,250
1340,250
1340,250
1340,250
1340,250
1340,250
1340,250
1340,250
1340,250
1340,250
1341,250
1341,250
1341,250
1341,250
1341,250
1341,250
1341,250
1341,250
1341,250
1341,250
1341,250
1341,250
1341,250
1341,250
1341,250
1341,250
1341,250
1341,250
1341,250
1341,250
1341,250
1341,250
1341,250
1341,250
1341,250
1341,250
1341,250
1341,250
1341,250
1341,250
1341,250
1341,250
1341,250
1341,250
1341,250
1341,250
1341,250
1341,250
1341,250
1341,250
1341,250
1341,250
1342,250
1342,250
1342,250
1342,250
1342,250
1342,250
1342,250
1342,250
1342,250
1342,250
1342,250
1342,250
1342,250
1342,250
1342,250
1342,250
1342,250
1342,250
1342,250
1342,250
1342,250
1342,250
1342,250
1342,250
1342,250
1342,250
1342,250
1342,250
1342,250
1342,250
1342,250
1342,250
1342,250
1342,250
1342,250
1342,250
1342,250
1342,250
1342,250
1342,250
1342,250
1343,250
1343,250
1343,250
1343,250
1343,250
1343,250
1343,250
1343,250
1343,250
1343,250
1343,250
1343,250
1343,250
1343,250
1343,250
1343,250
1343,250
1343,250
1343,250
1343,250
1343,250
1343,250
1343,250
1343,250
1343,250
1343,250
1343,250
1343,250
1343,250
1343,250
1343,250
1343,250
1343,250
1343,250
1343,250
1343,250
1343,250
1343,250
1343,250
1343,250
1343,250
1344,250
1344,250
1344,250
1344,250
1344,250
1344,250
1344,250
1344,250
1344,250
1344,250
1344,250
1344,250
1344,250
1344,250
1344,250
1344,250
1344,250
1344,250
1344,250
1344,250
1344,250
1344,250
1344,250
1344,250
1344,250
1344,250
1344,250
1344,250
1344,250
1344,250
1344,250
1344,250
1344,250
1344,250
1344,250
1344,250
1344,250
1344,250
1344,250
1344,250
1344,250
1344,250
1345,250
1345,250
1345,250
1345,250
1345,250
1345,250
1345,250
1345,250
1345,250
1345,250
1345,250
1345,250
1345,250
1345,250
1345,250
1345,250
1345,250
1345,250
1345,250
1345,250
1345,250
1345,250
1345,250
1345,250
1345,250
1345,250
1345,250
1345,250
1345,250
1345,250
1345,250
1345,250
1345,250
1345,250
1345,250
1345,250
1345,250
1345,250
1345,250
1345,250
1345,250
1346,250
1346,250
1346,250
1346,250
1346,250
1346,250
1346,250
1346,250
1346,250
1346,250
1346,250
1346,250
1346,250
1346,250
1346,250
1346,250
1346,250
1346,250
1346,250
1346,250
1346,250
1346,250
1346,250
1346,250
1346,250
1346,250
1346,250
1346,250
1346,250
1346,250
1346,250
1346,250
1346,250
1346,250
1346,250
1346,250
1346,250
1346,250
1346,250
1346,250
1346,250
1347,250
1347,250
1347,250
1347,250
1347,250
1347,250
1347,250
1347,250
1347,250
1347,250
1347,250
1347,250
1347,250
1347,250
1347,250
1347,250
1347,250
1347,250
1347,250
1347,250
1347,250
1347,250
1347,250
1347,250
1347,250
1347,250
1347,250
1347,250
1347,250
1347,250
1347,250
1347,250
1347,250
1347,250
1347,250
1347,250
1347,250
1347,250
1347,250
1347,250
1348,250
1348,250
1348,250
1348,250
1348,250
1348,250
1348,250
1348,250
1348,250
1348,250
1348,250
1348,250
1348,250
1348,250
1348,250
1348,250
1348,250
1348,250
1348,250
1348,250
1348,250
1348,250
1348,250
1348,250
1348,250
1348,250
1348,250
1348,250
1348,250
1348,250
1348,250
1348,250
1348,250
1348,250
1348,250
1348,250
1348,250
1348,250
1348,250
1348,250
1348,250
1349,250
1349,250
1349,250
1349,250
1349,250
1349,250
1349,250
1349,250
1349,250
1349,250
1349,250
1349,250
1349,250
1349,250
1349,250
1349,250
1349,250
1349,250
1349,250
1349,250
1349,250
1349,250
1349,250
1349,250
1349,250
1349,250
1349,250
1349,250
1349,250
1349,250
1349,250
1349,250
1349,250
1349,250
1349,250
1349,250
1349,250
1349,250
1349,250
1349,250
1349,250
1350,250
1350,250
1350,250
1350,250
1350,250
1350,250
1350,250
1350,250
1350,250
1350,250
1350,250
1350,250
1350,250
1350,250
1350,250
1350,250
1350,250
1350,250
1350,250
1350,250
1350,250
1350,250
1350,250
1350,250
1350,250
1350,250
1350,250
1350,250
1350,250
1350,250
1350,250
1350,250
1350,250
1350,250
1350,250
1350,250
1350,250
1350,250
1350,250
1350,250
1351,250
1351,250
1351,250
1351,250
1351,250
1351,250
1351,250
1351,250
1351,250
1351,250
1351,250
1351,250
1351,250
1351,250
1351,250
1351,250
1351,250
1351,250
1351,250
1351,250
1351,250
1351,250
1351,250
1351,250
1351,250
1351,250
1351,250
1351,250
1351,250
1351,250
1351,250
1351,250
1351,250
1351,250
1351,250
1351,250
1351,250
1351,250
1351,250
1351,250
1351,250
1352,250
1352,250
1352,250
1352,250
1352,250
1352,250
1352,250
1352,250
1352,250
1352,250
1352,250
1352,250
1352,250
1352,250
1352,250
1352,250
1352,250
1352,250
1352,250
1352,250
1352,250
1352,250
1352,250
1352,250
1352,250
1352,250
1352,250
1352,250
1352,250
1352,250
1352,250
1352,250
1352,250
1352,250
1352,250
1352,250
1352,250
1352,250
1352,250
1352,250
1352,250
1353,250
1353,250
1353,250
1353,250
1353,250
1353,250
1353,250
1353,250
1353,250
1353,250
1353,250
1353,250
1353,250
1353,250
1353,250
1353,250
1353,250
1353,250
1353,250
1353,250
1353,250
1353,250
1353,250
1353,250
1353,250
1353,250
1353,250
1353,250
1353,250
1353,250
1353,250
1353,250
1353,250
1353,250
